place_name,address_name,road_address_name,x,y
롯데ATM 세븐일레븐 서귀포모슬포항,제주특별자치도 서귀포시 대정읍 하모리 2133-5,제주특별자치도 서귀포시 대정읍 최남단해안로 44,126.252142085292,33.2166684156565
제주은행 모슬포지점,제주특별자치도 서귀포시 대정읍 하모리 1048-1,제주특별자치도 서귀포시 대정읍 신영로 75,126.25082133387224,33.220985513769094
남제주새마을금고 본점,제주특별자치도 서귀포시 대정읍 하모리 827-1,제주특별자치도 서귀포시 대정읍 영서중로 5-6,126.25413829469258,33.2214706756033
대정농협 365일자동코너,제주특별자치도 서귀포시 대정읍 하모리 947,제주특별자치도 서귀포시 대정읍 하모중앙로 70,126.251822657238,33.2219355290571
남제주새마을금고 본점 점두365ATM,제주특별자치도 서귀포시 대정읍 하모리 827-1,제주특별자치도 서귀포시 대정읍 영서중로 5-6,126.25413829469258,33.2214706756033
롯데ATM 세븐일레븐 서귀포대정상모,제주특별자치도 서귀포시 대정읍 상모리 4133-7,,126.25699499868,33.2196836379731
롯데ATM 세븐일레븐 서귀포대정사거리,제주특별자치도 서귀포시 대정읍 하모리 1415-5,,126.252729369949,33.2263192142117
롯데ATM 세븐일레븐 서귀포상모로,제주특별자치도 서귀포시 대정읍 상모리 3790,,126.260034617713,33.2235498439647
CU서귀사계포구점 ATM,제주특별자치도 서귀포시 안덕면 사계리 2147-3,제주특별자치도 서귀포시 안덕면 형제해안로 24,126.304029244113,33.2279259274039
롯데ATM 세븐일레븐 서귀포안덕사계,제주특별자치도 서귀포시 안덕면 사계리 2674-2,제주특별자치도 서귀포시 안덕면 사계남로21번길 30-5,126.296351572122,33.2312403577034
하나은행365 플레이사계,제주특별자치도 서귀포시 안덕면 사계리 126-1,제주특별자치도 서귀포시 안덕면 사계남로216번길 29,126.310356468081,33.2338144629234
CU ATM 서귀예래점,제주특별자치도 서귀포시 하예동 1831,제주특별자치도 서귀포시 예래로 446,126.370379280677,33.2357123907926
예래동새마을금고 본점,제주특별자치도 서귀포시 상예동 1253-1,제주특별자치도 서귀포시 열리로 80,126.39025218393512,33.24703117031171
예래동새마을금고 본점 점두365ATM,제주특별자치도 서귀포시 상예동 1253-1,제주특별자치도 서귀포시 열리로 80,126.39025218393512,33.24703117031171
NH농협은행 365코너 중문농협예래지점,제주특별자치도 서귀포시 상예동 1240-1,제주특별자치도 서귀포시 상예로 4-2,126.391109903586,33.2471327476062
우리은행 365코너 서귀포지점(점외),제주특별자치도 서귀포시 중문동 2700-2,제주특별자치도 서귀포시 중문관광로 222,126.42302513753776,33.242555889896586
대포새마을금고 본점,제주특별자치도 서귀포시 대포동 1867-1,제주특별자치도 서귀포시 대포로 79,126.43221570437686,33.24280916394421
대포새마을금고 본점 점두365ATM,제주특별자치도 서귀포시 대포동 1867-1,제주특별자치도 서귀포시 대포로 79,126.43221570437356,33.242809164020606
강정새마을금고 본점,제주특별자치도 서귀포시 강정동 4416-4,제주특별자치도 서귀포시 이어도로 567,126.4775648715398,33.23657480411101
NH농협은행 365코너 중문농협강정지점,제주특별자치도 서귀포시 강정동 4521-18,제주특별자치도 서귀포시 이어도로 594,126.48004809581305,33.23540046978671
CU ATM 서귀강정천점,제주특별자치도 서귀포시 강정동 2881-6,제주특별자치도 서귀포시 이어도로 638,126.484297133016,33.2338745701391
CU ATM 제주풍림리조트점,제주특별자치도 서귀포시 강정동 2677,제주특별자치도 서귀포시 이어도로 684,126.489040391249,33.233677752728
법환새마을금고 본점,제주특별자치도 서귀포시 법환동 262,제주특별자치도 서귀포시 이어도로 930-1,126.5138630616906,33.23802210830601
법환새마을금고 본점 점두365ATM,제주특별자치도 서귀포시 법환동 262,제주특별자치도 서귀포시 이어도로 930-1,126.5138630616906,33.23802210830601
IBK기업은행365 대국해저앞,제주특별자치도 서귀포시 서홍동 707-5,제주특별자치도 서귀포시 남성중로 40,126.559018151885,33.2395680810314
CU 서귀포천지연점 ATM,제주특별자치도 서귀포시 서홍동 678,제주특별자치도 서귀포시 남성중로 2-3,126.55968363039344,33.243370814447744
CU 서귀포부두점 ATM,제주특별자치도 서귀포시 서귀동 673,제주특별자치도 서귀포시 칠십리로 61,126.56275928122815,33.24004923483207
IBK기업은행365 천지연주차장,제주특별자치도 서귀포시 서홍동 666-1,제주특별자치도 서귀포시 남성중로 2-15,126.559670425145,33.2447205092909
CU 서귀포항점 ATM,제주특별자치도 서귀포시 서귀동 777-1,제주특별자치도 서귀포시 칠십리로91번길 12,126.56427475893024,33.24103733133972
롯데ATM 세븐일레븐 서귀포여객터미,제주특별자치도 서귀포시 서귀동 758-4,,126.56487117114,33.2389034535817
KB국민은행 서귀포,제주특별자치도 서귀포시 서귀동 293-17,제주특별자치도 서귀포시 중정로 55,126.56222345614002,33.24788252417662
서귀포동부새마을금고 본점,제주특별자치도 서귀포시 서귀동 608-4,제주특별자치도 서귀포시 솔동산로 12,126.56390530153011,33.24370216056103
NH농협은행 남제주지점,제주특별자치도 서귀포시 서귀동 401-11,제주특별자치도 서귀포시 중정로 86,126.56545625451956,33.24816164569882
제주은행 서귀포SOHO컨설팅센터,제주특별자치도 서귀포시 서귀동 274-5,제주특별자치도 서귀포시 중정로 67,126.563477583089,33.248152913386
하나은행365 서귀포수련원,제주특별자치도 서귀포시 서귀동 529-3,제주특별자치도 서귀포시 태평로439번길 25,126.564526584807,33.2465120164204
서귀포동부새마을금고 본점 점두365ATM,제주특별자치도 서귀포시 서귀동 608-4,제주특별자치도 서귀포시 솔동산로 12,126.56391283031624,33.243698580433374
KB국민은행 서귀포점 ATM,제주특별자치도 서귀포시 서귀동 293-17,제주특별자치도 서귀포시 중정로 55,126.562223456137,33.2478825242529
CU 서귀포송산점 ATM,제주특별자치도 서귀포시 서귀동 573-11,제주특별자치도 서귀포시 태평로 414,126.56454332842615,33.24465020705017
우체국365코너,제주특별자치도 서귀포시 서귀동 529-3,제주특별자치도 서귀포시 태평로439번길 25,126.564591998608,33.2465203601168
CU ATM 서귀포태평로점,제주특별자치도 서귀포시 서귀동 455-4,제주특별자치도 서귀포시 태평로 385,126.561816144412,33.2447821851147
농협은행 남제주지점 ATM,제주특별자치도 서귀포시 서귀동 401-11,제주특별자치도 서귀포시 중정로 86,126.56545625451706,33.24816164577512
CU 서귀포월드컵점 ATM,제주특별자치도 서귀포시 서귀동 417-2,제주특별자치도 서귀포시 명동로 19-1,126.56407323866712,33.24748238612033
CU 서귀정방점 ATM,제주특별자치도 서귀포시 서귀동 221-12,제주특별자치도 서귀포시 태평로 463,126.56866506401497,33.24764896823527
롯데ATM 제주은행 서귀칼호텔,제주특별자치도 서귀포시 토평동 486-3,,126.581363552152,33.2462957327351
CU ATM 서귀영락해안도로점,제주특별자치도 서귀포시 대정읍 영락리 2167,제주특별자치도 서귀포시 대정읍 노을해안로 288,126.2003503696,33.2487465241515
CU ATM 제주안성점,제주특별자치도 서귀포시 대정읍 안성리 1447-10,,126.28411895761,33.2504867374217
남제주새마을금고 덕수지점,제주특별자치도 서귀포시 안덕면 덕수리 2240-2,제주특별자치도 서귀포시 안덕면 덕수서로 58,126.30480022446744,33.25548720779141
롯데ATM 세븐일레븐 서귀포산방온천(CD),제주특별자치도 서귀포시 안덕면 사계리 983-1,,126.298171081922,33.2489655679472
남제주새마을금고 덕수지점 점두365ATM,제주특별자치도 서귀포시 안덕면 덕수리 2240-2,제주특별자치도 서귀포시 안덕면 덕수서로 58,126.3048002244634,33.255487207867574
하나은행365 히든클리프호텔,제주특별자치도 서귀포시 상예동 592-1,제주특별자치도 서귀포시 예래해안로 550,126.401753252619,33.2556443080936
CU ATM 서귀예래해안로점,제주특별자치도 서귀포시 상예동 592-1,제주특별자치도 서귀포시 예래해안로 550,126.401752173373,33.2556452045217
롯데ATM 제주은행 제주중문CC,제주특별자치도 서귀포시 색달동 2101,,126.406102200707,33.2496865057573
롯데ATM 제주은행 제주신라호텔(1),제주특별자치도 서귀포시 색달동 3039-3,,126.407943372852,33.247170743883
롯데ATM 제주은행 제주신라호텔(2),제주특별자치도 서귀포시 색달동 3039-3,제주특별자치도 서귀포시 중문관광로72번길 75,126.407852258922,33.2474750582785
제주은행 365코너 신라호텔5층,제주특별자치도 서귀포시 색달동 3039-3,제주특별자치도 서귀포시 중문관광로72번길 75,126.408037906567,33.2474732371803
제주은행 365코너 신라호텔출장소 점두365,제주특별자치도 서귀포시 색달동 3039-3,제주특별자치도 서귀포시 중문관광로72번길 75,126.408679107714,33.2480217686486
하나은행365 그랜드조선제주,제주특별자치도 서귀포시 색달동 2101,제주특별자치도 서귀포시 중문관광로72번길 60,126.411432836305,33.2542199544865
제주은행ATM 제주롯데호텔,제주특별자치도 서귀포시 색달동 2812-4,제주특별자치도 서귀포시 중문관광로72번길 35,126.41056314196489,33.248535620350296
롯데ATM 제주은행 롯데호텔제주4층 1,제주특별자치도 서귀포시 색달동 2812-4,,126.41040395738,33.2482715923009
롯데ATM 제주은행 롯데호텔제주8층 1,제주특별자치도 서귀포시 색달동 2812-4,,126.41040395738,33.2482715923009
제주은행ATM,제주특별자치도 서귀포시 색달동 2864-36,제주특별자치도 서귀포시 중문관광로110번길 15,126.413646573448,33.2498981208203
제주은행ATM 여미지식물원,제주특별자치도 서귀포시 색달동 2484-1,제주특별자치도 서귀포시 중문관광로 93,126.414562714092,33.2521898511303
제주은행 중문지점,제주특별자치도 서귀포시 중문동 1923-4,제주특별자치도 서귀포시 천제연로 244,126.43076015696268,33.25100998822914
대포새마을금고 중문지점,제주특별자치도 서귀포시 중문동 1909-3,제주특별자치도 서귀포시 천제연로 237,126.43010423122168,33.25154795769518
NH농협은행 365코너 중문농협,제주특별자치도 서귀포시 중문동 2021,제주특별자치도 서귀포시 천제연로 199,126.42604707833596,33.2518466705449
CU ATM 제주중문점,제주특별자치도 서귀포시 중문동 2021-1,제주특별자치도 서귀포시 중문상로 38,126.425656602749,33.2518268353633
대포새마을금고 중문지점 점두365ATM,제주특별자치도 서귀포시 중문동 1909-3,제주특별자치도 서귀포시 천제연로 237,126.43010423122168,33.25154795769518
하원새마을금고 본점,제주특별자치도 서귀포시 하원동 460-1,제주특별자치도 서귀포시 하원로19번길 24,126.45976806644296,33.25688452988705
산남새마을금고 도순지점,제주특별자치도 서귀포시 도순동 883-1,제주특별자치도 서귀포시 일주서로 321,126.47432477615575,33.25251362805706
하원새마을금고 본점 점두365ATM,제주특별자치도 서귀포시 하원동 460-1,제주특별자치도 서귀포시 하원로19번길 24,126.45976806643982,33.25688452996319
산남새마을금고 도순지점 점두365ATM,제주특별자치도 서귀포시 도순동 821-1,제주특별자치도 서귀포시 일주서로 329,126.47351261440626,33.25248404533408
CU ATM 서귀포강정점,제주특별자치도 서귀포시 강정동 178-1,제주특별자치도 서귀포시 신서귀로97번길 84,126.505011652592,33.2514935879305
하나은행 서귀포지점,제주특별자치도 서귀포시 강정동 231-2,제주특별자치도 서귀포시 월드컵로 8,126.50690149934408,33.24917760184945
NH농협은행 서귀포시지부,제주특별자치도 서귀포시 강정동 155-1,제주특별자치도 서귀포시 신중로 30,126.50847305747928,33.25501374401508
제주은행 서귀월드출장소,제주특별자치도 서귀포시 법환동 843,제주특별자치도 서귀포시 일주동로 9213,126.50849870298588,33.248707864966185
서호새마을금고 새서귀포지점,제주특별자치도 서귀포시 서호동 1476-5,제주특별자치도 서귀포시 김정문화로 57,126.51084912377613,33.251136198296585
KB국민은행 공무원연금공단(점),제주특별자치도 서귀포시 서호동 1530,제주특별자치도 서귀포시 서호중앙로 63,126.51861405676765,33.25366941540838
우리은행 ATM,제주특별자치도 서귀포시 법환동 841-2,제주특별자치도 서귀포시 일주동로 9209,126.50911773973336,33.24834515055226
하나은행365 서귀포지점,제주특별자치도 서귀포시 강정동 231-2,제주특별자치도 서귀포시 월드컵로 8,126.507323173509,33.2489935378166
하나은행 서귀포 ATM,제주특별자치도 서귀포시 강정동 231-2,제주특별자치도 서귀포시 월드컵로 8,126.507323173509,33.2489935378166
농협은행 서귀포시지부 ATM,제주특별자치도 서귀포시 강정동 155-1,제주특별자치도 서귀포시 신중로 30,126.50847305747642,33.255013744091265
서호새마을금고 새서귀포지점 점두365ATM,제주특별자치도 서귀포시 서호동 1476-5,제주특별자치도 서귀포시 김정문화로 57,126.51084912377613,33.251136198296585
CU ATM 제주서호점,제주특별자치도 서귀포시 서호동 1477,제주특별자치도 서귀포시 김정문화로 63,126.511483165479,33.2509709878755
CU ATM 서귀김정문화로점,제주특별자치도 서귀포시 강정동 1416,제주특별자치도 서귀포시 신서로 75,126.505126932741,33.2569326587024
하나은행365 서귀포시청제2청사1층,제주특별자치도 서귀포시 법환동 731,제주특별자치도 서귀포시 신중로 55,126.510526029268,33.2555799486198
신한은행 365코너 국세교육원제주,제주특별자치도 서귀포시 서호동 1513,제주특별자치도 서귀포시 서호중로 19,126.515812972987,33.25585310164
CU ATM 서귀혁신도시점,제주특별자치도 서귀포시 서호동 1459-5,,126.512199791753,33.254868830415
서호새마을금고 본점,제주특별자치도 서귀포시 서호동 806-11,제주특별자치도 서귀포시 서호로 33,126.52275107839144,33.25699884154555
호근새마을금고 본점,제주특별자치도 서귀포시 호근동 1764-2,제주특별자치도 서귀포시 호근서호로 123,126.52772883849558,33.25711702484341
서귀포농협365자동코너 서부지점,제주특별자치도 서귀포시 호근동 1812,제주특별자치도 서귀포시 서호호근로 96,126.524535330525,33.2558867569468
호근새마을금고 본점 점두365ATM,제주특별자치도 서귀포시 호근동 1764-2,제주특별자치도 서귀포시 호근서호로 123,126.52772883849558,33.25711702484341
CU ATM 서귀호근로점,제주특별자치도 서귀포시 호근동 2004,제주특별자치도 서귀포시 중산간동로 8351,126.524571627987,33.2610730546983
신한은행 서귀포,제주특별자치도 서귀포시 서귀동 302-26,제주특별자치도 서귀포시 일주동로 8707,126.55824508985792,33.25247308129407
NH농협은행 광장지점,제주특별자치도 서귀포시 서홍동 441-14,제주특별자치도 서귀포시 일주동로 8694,126.55954315072532,33.25319448103399
우리은행 서귀포지점,제주특별자치도 서귀포시 서홍동 441-2,제주특별자치도 서귀포시 일주동로 8684,126.56054773641765,33.25337926254636
IBK기업은행 서귀포,제주특별자치도 서귀포시 서귀동 284-32,제주특별자치도 서귀포시 일주동로 8671,126.56204510478626,33.25309061349252
NH농협은행 서귀포시청 출장소,제주특별자치도 서귀포시 서홍동 440-1,제주특별자치도 서귀포시 중앙로 105,126.5599033963872,33.25390083074971
제주은행 서귀포시청출장소,제주특별자치도 서귀포시 서홍동 440-1,제주특별자치도 서귀포시 중앙로 105,126.56021844973662,33.254203991261875
서귀포새마을금고 본점,제주특별자치도 서귀포시 서귀동 292-19,제주특별자치도 서귀포시 중앙로 42,126.56191401355316,33.248393560673804
동홍새마을금고 제2지점,제주특별자치도 서귀포시 서귀동 273-33,제주특별자치도 서귀포시 중정로91번길 1,126.56584881856688,33.248630963042665
CU ATM 서귀선반네점,제주특별자치도 서귀포시 서홍동 449-6,제주특별자치도 서귀포시 일주동로 8738,126.554674143721,33.2524026412098
제주감귤농협 귤빛지점 ATM,제주특별자치도 서귀포시 서홍동 442-19,제주특별자치도 서귀포시 중앙로101번길 27,126.557978442503,33.2532150766111
신한 서귀포 ATM 입구,제주특별자치도 서귀포시 서귀동 302-26,제주특별자치도 서귀포시 일주동로 8707,126.55824508985792,33.25247308129407
우리은행 ATM,제주특별자치도 서귀포시 서홍동 441-2,제주특별자치도 서귀포시 일주동로 8684,126.56055816052664,33.25344061019647
신한 서귀포 ATM 내부,제주특별자치도 서귀포시 서귀동 302-26,제주특별자치도 서귀포시 일주동로 8707,126.55824508985792,33.25247308129407
CU 서귀포광장점 ATM,제주특별자치도 서귀포시 서귀동 299-6,제주특별자치도 서귀포시 중앙로 85,126.5609175600202,33.2521723849919
농협은행 서귀포시청<출> ATM,제주특별자치도 서귀포시 서홍동 440-1,제주특별자치도 서귀포시 중앙로 105,126.55990339638466,33.25390083082591
서귀포새마을금고 본점 점두365ATM,제주특별자치도 서귀포시 서귀동 292-19,제주특별자치도 서귀포시 중앙로 42,126.56191833269898,33.24838816618148
CU서귀포올레중앙점 ATM,제주특별자치도 서귀포시 서귀동 277-10,제주특별자치도 서귀포시 중정로61번길 22,126.56283391048704,33.24984481591974
롯데ATM 세븐일레븐 서귀포올레시장,제주특별자치도 서귀포시 서귀동 276-14,제주특별자치도 서귀포시 중앙로48번길 17-1,126.56346268742756,33.249422356760135
서귀포신협 본점365 ATM,제주특별자치도 서귀포시 서귀동 270-29,제주특별자치도 서귀포시 중앙로48번길 37,126.565307662866,33.2499986494415
NH농협은행 서귀포지점,제주특별자치도 서귀포시 동홍동 465-11,제주특별자치도 서귀포시 일주동로 8610,126.56844589678866,33.25490723362795
서귀포새마을금고 동홍지점,제주특별자치도 서귀포시 동홍동 524-2,제주특별자치도 서귀포시 일주동로 8620,126.567081971669,33.2551179825401
동홍새마을금고 본점,제주특별자치도 서귀포시 동홍동 176,제주특별자치도 서귀포시 동홍중앙로 3,126.5718904145524,33.25099885104793
산남새마을금고 본점,제주특별자치도 서귀포시 동홍동 498-2,제주특별자치도 서귀포시 일주동로 8558,126.5738473601802,33.25505479394113
IBK기업은행365 코리아마트앞,제주특별자치도 서귀포시 동홍동 645-4,제주특별자치도 서귀포시 태평로537번길 49,126.569961695974,33.2528279161004
NH농협은행 365코너 서귀포농협동부지점,제주특별자치도 서귀포시 서귀동 251-6,제주특별자치도 서귀포시 중정로 109,126.568243199465,33.2487718380627
CU 서귀포동문점 ATM,제주특별자치도 서귀포시 서귀동 255-4,제주특별자치도 서귀포시 중동로48번길 11,126.5665941137766,33.24959830710558
제주은행 365코너,제주특별자치도 서귀포시 동홍동 645-4,,126.56994985218,33.2528359898158
농협은행 서귀포지점 ATM,제주특별자치도 서귀포시 동홍동 465-11,제주특별자치도 서귀포시 일주동로 8610,126.56844589678616,33.254907233704124
동홍새마을금고 본점 점두365ATM,제주특별자치도 서귀포시 동홍동 176,제주특별자치도 서귀포시 동홍중앙로 3,126.57188828159336,33.25099613889018
CU 서귀포가온점 ATM,제주특별자치도 서귀포시 동홍동 357-6,제주특별자치도 서귀포시 태평로512번길 1-4,126.57271317337916,33.25039939132033
서귀포신협 동홍지점884 ATM,제주특별자치도 서귀포시 동홍동 109-4,제주특별자치도 서귀포시 동홍남로 33,126.571864129947,33.2570486984977
CU ATM 서귀정방연로점,제주특별자치도 서귀포시 동홍동 192-42,제주특별자치도 서귀포시 정방연로 47-1,126.576589903161,33.2518011616453
산남새마을금고 본점 점두365ATM,제주특별자치도 서귀포시 동홍동 498-2,제주특별자치도 서귀포시 일주동로 8558,126.5738473601777,33.25505479401731
하나은행365 더시에나리조트,제주특별자치도 서귀포시 강정동 3703-3,제주특별자치도 서귀포시 용흥로66번길 158-8,126.483110184812,33.2649207457636
서홍새마을금고 본점,제주특별자치도 서귀포시 서홍동 256-2,제주특별자치도 서귀포시 중산간동로 8037,126.55785265942166,33.26391245464508
동홍새마을금고 제1지점,제주특별자치도 서귀포시 동홍동 1688,제주특별자치도 서귀포시 중산간동로 8002-2,126.56199190127909,33.26482783111966
CU ATM 서귀서홍로점,제주특별자치도 서귀포시 서홍동 259-5,제주특별자치도 서귀포시 중산간동로 8048-2,126.556923227515,33.2643374195015
NH농협은행 365코너 서귀포농협홍로지점,제주특별자치도 서귀포시 서홍동 287,제주특별자치도 서귀포시 중앙로 193,126.55866184716,33.2617865853871
서홍새마을금고 본점 점두365ATM,제주특별자치도 서귀포시 서홍동 256-2,제주특별자치도 서귀포시 중산간동로 8037,126.55785265941908,33.26391245472109
CU ATM 서귀포주공점,제주특별자치도 서귀포시 동홍동 1312,제주특별자치도 서귀포시 중앙로 198-9,126.559731739188,33.2624503701082
CU ATM 서귀포동홍점,제주특별자치도 서귀포시 동홍동 1682,제주특별자치도 서귀포시 중산간동로 8004,126.561592303291,33.2646821624049
새마을금고 365코너 동홍지점,제주특별자치도 서귀포시 동홍동 1688,제주특별자치도 서귀포시 중산간동로 8002-2,126.562075139234,33.2647082078572
CU 제주516도로점 ATM,제주특별자치도 서귀포시 토평동 2225,제주특별자치도 서귀포시 516로 176,126.58570526235846,33.268759961697306
토평신협365 ATM,제주특별자치도 서귀포시 토평동 1342-4,제주특별자치도 서귀포시 토평로 50,126.590069775454,33.2705037522517
서귀포동부새마을금고 상효지점,제주특별자치도 서귀포시 상효동 910-11,제주특별자치도 서귀포시 상효로 152,126.59721933798166,33.27281815830695
서귀포동부새마을금고 상효지점 점두365ATM,제주특별자치도 서귀포시 상효동 910-11,제주특별자치도 서귀포시 상효로 152,126.59721933798166,33.27281815830695
서귀포동부신협 365코너 본점,제주특별자치도 서귀포시 신효동 828-4,제주특별자치도 서귀포시 효돈로 136,126.613272609126,33.2640277482212
NH농협은행 365코너 효돈농협봄점,제주특별자치도 서귀포시 하효동 147-10,제주특별자치도 서귀포시 효돈로 166,126.61660710856,33.2635584070081
NH농협은행 365코너 위미농협,제주특별자치도 서귀포시 남원읍 위미리 2832-6,제주특별자치도 서귀포시 남원읍 태위로 126,126.660782944537,33.2746938895833
CU ATM 제주위미점,제주특별자치도 서귀포시 남원읍 위미리 1664-7,제주특별자치도 서귀포시 남원읍 태위로 200,126.668729472995,33.2749100704224
제주남원동부새마을금고 본점,제주특별자치도 서귀포시 남원읍 남원리 139-3,제주특별자치도 서귀포시 남원읍 태위로 654,126.71657239859331,33.27828594665224
하나은행365 영어마을상가,제주특별자치도 서귀포시 대정읍 보성리 2476-9,제주특별자치도 서귀포시 대정읍 글로벌에듀로 396,126.27615654247,33.279404859748
CU ATM 제주삼정G에듀점,제주특별자치도 서귀포시 대정읍 보성리 2424,제주특별자치도 서귀포시 대정읍 에듀시티로 148,126.274256478468,33.284088449668
하나은행365 제주영어마을상가,제주특별자치도 서귀포시 대정읍 보성리 2476-9,제주특별자치도 서귀포시 대정읍 글로벌에듀로 396,126.276231179466,33.2794657020506
신한 신제주 ATM 한국국제고등학교,제주특별자치도 서귀포시 대정읍 구억리 1126,제주특별자치도 서귀포시 대정읍 글로벌에듀로260번길 8,126.28721919310688,33.28864625178203
CU ATM 서귀서광로타리점,제주특별자치도 서귀포시 안덕면 서광리 1907-5,제주특별자치도 서귀포시 안덕면 화순서서로 492-9,126.303083721612,33.2859592647039
롯데ATM 세븐일레븐 서귀포서광리,제주특별자치도 서귀포시 안덕면 서광리 366-11,,126.325391582389,33.2892379771561
롯데ATM 제주은행 롯데스카이힐제주CC,제주특별자치도 서귀포시 색달동 240,,126.405369821968,33.2849254809314
제주은행ATM 스카이힐CC,제주특별자치도 서귀포시 색달동 240,제주특별자치도 서귀포시 상예로 530,126.405280315235,33.2873594160852
롯데ATM 제주은행 롯데리조트제주,제주특별자치도 서귀포시 색달동 301,,126.415195089715,33.2893359194464
신례새마을금고 본점,제주특별자치도 서귀포시 남원읍 신례리 1051-1,제주특별자치도 서귀포시 남원읍 신례중앙로 26,126.62747581616136,33.28884788503872
NH농협은행 365코너 위미농협신례지점,제주특별자치도 서귀포시 남원읍 신례리 991-7,제주특별자치도 서귀포시 남원읍 신례로282번길 1,126.630355597876,33.2897472907831
제주은행 남원지점,제주특별자치도 서귀포시 남원읍 남원리 209-3,제주특별자치도 서귀포시 남원읍 태위로 701,126.7213696689986,33.279942270424954
제주남원농협 ATM,제주특별자치도 서귀포시 남원읍 남원리 106-1,제주특별자치도 서귀포시 남원읍 태위로 678,126.7188697500866,33.27889074872306
NH농협은행 365코너 제주감귤농협남원지점,제주특별자치도 서귀포시 남원읍 남원리 44-1,제주특별자치도 서귀포시 남원읍 태위로 712,126.722357677268,33.279805629639
태흥새마을금고 제1분사무소지점,제주특별자치도 서귀포시 남원읍 태흥리 1232-1,제주특별자치도 서귀포시 남원읍 태위로 810,126.7324378371592,33.28282115335915
태흥새마을금고 본점,제주특별자치도 서귀포시 남원읍 태흥리 480-1,제주특별자치도 서귀포시 남원읍 태위로 928,126.7444702517433,33.285874150904355
NH농협은행 365코너 고산농협,제주특별자치도 제주시 한경면 고산리 2821-4,제주특별자치도 제주시 한경면 용고로 81,126.179253845891,33.3006710807741
신협ATM 본점,제주특별자치도 제주시 한경면 고산리 3422-12,,126.17939070983584,33.302183288104864
하나은행365 제주NLCS ATM,제주특별자치도 서귀포시 대정읍 구억리 1058,제주특별자치도 서귀포시 대정읍 글로벌에듀로145번길 24,126.28800787011,33.2959609997696
하나은행365 제주NLCS,제주특별자치도 서귀포시 대정읍 구억리 1060,제주특별자치도 서귀포시 대정읍 글로벌에듀로145번길 40,126.28973554449055,33.295801383756455
하나은행365 신화역사공원,제주특별자치도 서귀포시 안덕면 서광리 1203-1,제주특별자치도 서귀포시 안덕면 신화역사로 124,126.301114090408,33.3072017909592
우리은행 365코너 서귀포지점(점외),제주특별자치도 서귀포시 안덕면 서광리 2518,제주특별자치도 서귀포시 안덕면 신화역사로304번길 139,126.317525638827,33.3013856839401
하나은행365 신화역사공원,제주특별자치도 서귀포시 안덕면 서광리 24-6,제주특별자치도 서귀포시 안덕면 신화역사로304번길 139,126.316972492981,33.302788251037
하나은행365 제주신화월드카지노(좌측),제주특별자치도 서귀포시 안덕면 서광리 산 24-15,제주특별자치도 서귀포시 안덕면 신화역사로304번길 89,126.31742917694,33.3028800195307
하나은행365 제주신화월드카지노(우측),제주특별자치도 서귀포시 안덕면 서광리 산 24-15,제주특별자치도 서귀포시 안덕면 신화역사로304번길 89,126.317536486903,33.3028878217863
신한은행 365코너 제주신화월드카지노,제주특별자치도 서귀포시 안덕면 서광리 산 24,제주특별자치도 서귀포시 안덕면 신화역사로304번길 38,126.317571621933,33.3058209432566
우리은행 365코너 제주신화월드내카지노VIP룸,제주특별자치도 서귀포시 안덕면 서광리 24,제주특별자치도 서귀포시 안덕면 신화역사로304번길 38,126.317257961774,33.305837252384
우리은행 365코너 제주신화월드내카지노메인캐셔,제주특별자치도 서귀포시 안덕면 서광리 24,제주특별자치도 서귀포시 안덕면 신화역사로304번길 38,126.317256950058,33.3059670782395
하나은행365 제주신화월드카지노우측지하2층,제주특별자치도 서귀포시 안덕면 서광리 산 24,제주특별자치도 서귀포시 안덕면 신화역사로304번길 38,126.31731346856007,33.3061549230307
제주은행ATM 레이크힐스,제주특별자치도 서귀포시 중문동 산 47,제주특별자치도 서귀포시 산록남로 1391,126.435387827408,33.29711827777
제주은행 365코너 레이크힐스,제주특별자치도 서귀포시 중문동 산 5,제주특별자치도 서귀포시 산록남로 1391,126.435582604927,33.3017165029562
롯데ATM 제주은행 소노캄제주,제주특별자치도 서귀포시 표선면 토산리 17,,126.791891761115,33.3050465295125
롯데ATM 세븐일레븐 동광IC,제주특별자치도 서귀포시 안덕면 동광리 824,제주특별자치도 서귀포시 안덕면 동광로 164,126.34135755178264,33.310345541664546
CU ATM 서귀동광로점,제주특별자치도 서귀포시 안덕면 동광리 387,,126.345873427933,33.3181809290788
하나은행365 핀크스골프장비오토피아,제주특별자치도 서귀포시 안덕면 상천리 산 62-3,제주특별자치도 서귀포시 안덕면 산록남로 863,126.392887799639,33.3142892924833
하나은행365 핀크스골프장멤버십하우스,제주특별자치도 서귀포시 안덕면 상천리 545-5,제주특별자치도 서귀포시 안덕면 산록남로 863,126.39288984103186,33.31430462984885
의귀새마을금고 본점,제주특별자치도 서귀포시 남원읍 의귀리 1483-15,제주특별자치도 서귀포시 남원읍 한신로 217,126.71437567212756,33.310065175415474
CU ATM 제주표선남촌점,제주특별자치도 서귀포시 표선면 표선리 1466-2,제주특별자치도 서귀포시 표선면 표선동서로 138,126.828617385019,33.3167047860514
IBK기업은행365 스프링데일골프장,제주특별자치도 서귀포시 남원읍 위미리 4625,제주특별자치도 서귀포시 남원읍 서성로 459,126.638509584432,33.3295040809304
롯데ATM 제주은행 제1감귤가공공장,제주특별자치도 서귀포시 남원읍 한남리 산 5-6,,126.669001442632,33.3245508004057
제주은행 표선지점,제주특별자치도 서귀포시 표선면 표선리 596-1,제주특별자치도 서귀포시 표선면 표선동서로 259,126.83329427333062,33.32684275250056
우체국365코너,제주특별자치도 서귀포시 표선면 표선리 695-4,제주특별자치도 서귀포시 표선면 표선동서로 243-1,126.83246401946283,33.32573533780458
NH농협은행 365코너 표선농협,제주특별자치도 서귀포시 표선면 표선리 684,제주특별자치도 서귀포시 표선면 표선동서로 233,126.831939597868,33.3247734936821
수협ATM 표선지점,제주특별자치도 서귀포시 표선면 표선리 664,,126.83155200651235,33.324022664798335
CU ATM 제주표선리점,제주특별자치도 서귀포시 표선면 표선리 697-1,제주특별자치도 서귀포시 표선면 표선중앙로80번길 1,126.832439828611,33.3260292359772
롯데ATM 제주은행 해비치호텔,제주특별자치도 서귀포시 표선면 표선리 40-69,,126.844765682743,33.32338003573
롯데ATM 제주은행 제주라온CC,제주특별자치도 제주시 한경면 저지리 산 18,,126.275250305,33.3399178948544
롯데ATM 제주은행 캐슬렉스제주CC,제주특별자치도 서귀포시 안덕면 광평리 351,,126.34750175449,33.3406178399988
롯데ATM 제주은행 해비치CC,제주특별자치도 서귀포시 남원읍 신흥리 산 30,,126.724410051855,33.3589946449563
제주은행 365코너 해비치골프장,제주특별자치도 서귀포시 남원읍 신흥리 산 30,제주특별자치도 서귀포시 남원읍 원님로399번길 319,126.727461584647,33.3589382670077
롯데ATM 제주은행 에버리스CC,제주특별자치도 제주시 애월읍 어음리 523-22,,126.36034824622,33.3777116813217
CU 제주협재점 ATM,제주특별자치도 제주시 한림읍 협재리 1619,제주특별자치도 제주시 한림읍 한림로 387-1,126.244014351649,33.39712705341773
NH농협은행 365코너 표선농협성읍지점,제주특별자치도 서귀포시 표선면 성읍리 605-1,제주특별자치도 서귀포시 표선면 중산간동로 4632,126.800764095625,33.3904881800672
롯데ATM 세븐일레븐 한림오션캐슬(CD),제주특별자치도 제주시 한림읍 옹포리 283,제주특별자치도 제주시 한림읍 한림로 554,126.257118318639,33.4066836944384
NH농협은행 365코너 제주양돈농협한림지점,제주특별자치도 제주시 한림읍 한림리 925-1,제주특별자치도 제주시 한림읍 한림상로 127-2,126.266632871391,33.4111698021139
NH농협은행 365코너 제주양돈축협한림지점,제주특별자치도 제주시 한림읍 한림리 943-7,제주특별자치도 제주시 한림읍 한림중앙로 37,126.265398644853,33.4114356812927
NH농협은행 365코너 제주경마공원출장소,제주특별자치도 제주시 애월읍 소길리 155-42,제주특별자치도 제주시 애월읍 평화로 2144,126.394089477629,33.4083875073479
제주은행 한림지점,제주특별자치도 제주시 한림읍 한림리 1218-1,제주특별자치도 제주시 한림읍 한림로 667,126.2643579107004,33.414762683815546
북제주새마을금고 본점,제주특별자치도 제주시 한림읍 한림리 1303-4,제주특별자치도 제주시 한림읍 한림로 684,126.26528521746395,33.41571394425355
한립수협 365코너,제주특별자치도 제주시 한림읍 한림리 1328-53,제주특별자치도 제주시 한림읍 한림해안로 127,126.260135319569,33.4147258516718
롯데ATM 세븐일레븐 제주한림항,제주특별자치도 제주시 한림읍 한림리 1328-15,제주특별자치도 제주시 한림읍 한림해안로 141,126.261506386242,33.4155743002777
CU 제주한림항점 ATM,제주특별자치도 제주시 한림읍 한림리 1314-29,제주특별자치도 제주시 한림읍 한림해안로 160,126.26343258477172,33.41650807543901
NH농협은행 365코너 한림농협중앙지점,제주특별자치도 제주시 한림읍 한림리 1222-1,제주특별자치도 제주시 한림읍 한림로 671,126.26471530472,33.4149622502464
CU 제주한림점 ATM,제주특별자치도 제주시 한림읍 한림리 1313-3,제주특별자치도 제주시 한림읍 한림로 698,126.26504524867347,33.41688909407681
롯데ATM 세븐일레븐 제주한림한수풀,제주특별자치도 제주시 한림읍 대림리 1848-4,제주특별자치도 제주시 한림읍 한림상로 229,126.267694141178,33.41870162262
롯데ATM 세븐일레븐 제주유수암,제주특별자치도 제주시 애월읍 유수암리 1014,제주특별자치도 제주시 애월읍 유수암평화길 242,126.407978663273,33.4235905790079
참조은새마을금고 본점,제주특별자치도 제주시 한림읍 귀덕리 3329-1,제주특별자치도 제주시 한림읍 일주서로 5761,126.2822124151562,33.43976189362992
롯데ATM 세븐일레븐 제주귀덕마을(CD),제주특별자치도 제주시 한림읍 귀덕리 1212-2,,126.29568547674,33.4427485634006
납읍새마을금고 본점,제주특별자치도 제주시 애월읍 납읍리 1569-14,제주특별자치도 제주시 애월읍 중산간서로 5507,126.3288610850718,33.43886909356147
롯데ATM 세븐일레븐 제주소길리,제주특별자치도 제주시 애월읍 소길리 884-2,제주특별자치도 제주시 애월읍 장소로 255,126.380214978,33.4299356222107
롯데ATM 제주은행 제주도개발공사,제주특별자치도 제주시 영평동 2193,,126.571442223247,33.4423564297516
하나은행365 시에나컨트리클럽,제주특별자치도 제주시 영평동 2238-2,제주특별자치도 제주시 516로 2695,126.5837370948,33.4305557374759
하나은행365 제주CC퍼블릭코스,제주특별자치도 제주시 용강동 산 5,제주특별자치도 제주시 516로 2596-117,126.600101892752,33.4373851437557
CU ATM 제주교래점,제주특별자치도 제주시 조천읍 교래리 566,제주특별자치도 제주시 조천읍 비자림로 684,126.679034882436,33.4362513110718
롯데ATM 세븐일레븐 서귀포수산교차로(CD),제주특별자치도 서귀포시 성산읍 수산리 1695-4,,126.872986318746,33.4383326908883
CU 성산신양점 ATM,제주특별자치도 서귀포시 성산읍 고성리 510-33,제주특별자치도 서귀포시 성산읍 신양로 81,126.91832486763914,33.43648556344292
곽지새마을금고 본점,제주특별자치도 제주시 애월읍 곽지리 1957-1,제주특별자치도 제주시 애월읍 곽지남2길 2,126.30889002393867,33.44608029050593
금빛신협 ATM,제주특별자치도 제주시 애월읍 곽지리 2045-1,제주특별자치도 제주시 애월읍 일주서로 5992,126.305907365947,33.4462637829338
곽지새마을금고 본점 점두365ATM,제주특별자치도 제주시 애월읍 곽지리 1957-1,제주특별자치도 제주시 애월읍 곽지남2길 2,126.30889002393867,33.44608029050593
NH농협은행 365코너 애월농협종합유통센터지점,제주특별자치도 제주시 애월읍 하가리 1601,제주특별자치도 제주시 애월읍 하가로 220,126.344102480522,33.4528702722647
우리새마을금고 본점,제주특별자치도 제주시 애월읍 장전리 376-3,제주특별자치도 제주시 애월읍 장전로 113,126.39007382185896,33.450733753873926
우리은행 365코너 제주관광대학 창업보육센터,제주특별자치도 제주시 애월읍 광령리 2614-2,제주특별자치도 제주시 애월읍 평화로 2715,126.434488039963,33.4475777218008
IBK기업은행365 러브랜드,제주특별자치도 제주시 연동 680-26,제주특별자치도 제주시 1100로 2894-72,126.48846024531284,33.45207848170704
신한은행 365코너 오라CC,제주특별자치도 제주시 오라이동 289-3,제주특별자치도 제주시 오라남로 130-16,126.513478194712,33.4481364028998
롯데ATM 제주은행 오라CC,제주특별자치도 제주시 오라이동 289-3,,126.513478134307,33.4481472218521
신한은행ATM 오라CC지점,제주특별자치도 제주시 오라이동 289-3,제주특별자치도 제주시 오라남로 130-16,126.51334147920248,33.447966365773844
제주은행 365코너 한라산CC,제주특별자치도 제주시 오등동 10-2,제주특별자치도 제주시 선돌목동길 56-46,126.543556265566,33.4447814089504
하나은행365 한국폴리텍대학교제주캠퍼스본관(후문),제주특별자치도 제주시 아라일동 362-32,제주특별자치도 제주시 산천단동3길 2,126.5616342828278,33.44704473875674
NH농협은행 365코너 제주대학교지점,제주특별자치도 제주시 아라일동 1,제주특별자치도 제주시 제주대학로 64-29,126.556845356917,33.4560851983191
NH농협은행 JDC첨단지점,제주특별자치도 제주시 영평동 2170-2,제주특별자치도 제주시 첨단로 213-4,126.5725519711972,33.452902693362766
한국수출입은행 제주지점,제주특별자치도 제주시 영평동 2170-1,제주특별자치도 제주시 첨단로 213-3,126.572334829484,33.4537539578056
신한 판교금융센터 ATM 다음커뮤니케이션,제주특별자치도 제주시 영평동 2184,제주특별자치도 제주시 첨단로 216-19,126.57081816073844,33.4524639354455
롯데ATM 제주은행 제주관광협회,제주특별자치도 제주시 영평동 2170-4,,126.572769491273,33.4524120703648
제주은행 성산지점,제주특별자치도 서귀포시 성산읍 고성리 298-21,제주특별자치도 서귀포시 성산읍 고성오조로 62,126.91525398099836,33.449348609659936
제주남원동부새마을금고 고성지점,제주특별자치도 서귀포시 성산읍 고성리 308-6,제주특별자치도 서귀포시 성산읍 고성오조로 72,126.9149445280203,33.450140914080045
NH농협은행 365코너 성산농협,제주특별자치도 서귀포시 성산읍 고성리 1106-3,제주특별자치도 서귀포시 성산읍 일주동로 4282,126.911843523723,33.4460842011188
우체국365코너,제주특별자치도 서귀포시 성산읍 고성리 1093-13,,126.91230687396,33.447341376446
제주남원동부새마을금고 고성지점 점두365ATM,제주특별자치도 서귀포시 성산읍 고성리 308-6,제주특별자치도 서귀포시 성산읍 고성오조로 72,126.9149445280198,33.45014091415272
서귀포신협 성산포지점 ATM,제주특별자치도 서귀포시 성산읍 고성리 1103-9,제주특별자치도 서귀포시 성산읍 일주동로 4273,126.91295893478878,33.447041599091065
CU 제주동남점 ATM,제주특별자치도 서귀포시 성산읍 고성리 298-23,제주특별자치도 서귀포시 성산읍 동류암로 48,126.91559196454986,33.449075651855125
CU 제주애월한담점 ATM,제주특별자치도 제주시 애월읍 애월리 2482-1,제주특별자치도 제주시 애월읍 애월로 37,126.31227007206654,33.46217615409856
NH농협은행 365코너 애월농협,제주특별자치도 제주시 애월읍 애월리 1400-1,제주특별자치도 제주시 애월읍 애원로 41,126.321690308473,33.4603013681051
NH농협은행 애월지점,제주특별자치도 제주시 애월읍 신엄리 1309-1,제주특별자치도 제주시 애월읍 일주서로 6716,126.369495521397,33.4718551148696
서제주새마을금고 본점,제주특별자치도 제주시 애월읍 신엄리 1280-17,제주특별자치도 제주시 애월읍 일주서로 6693,126.36721788476096,33.47158475296633
NH농협은행 365코너 애월농협중엄지점,제주특별자치도 제주시 애월읍 신엄리 1309-1,제주특별자치도 제주시 애월읍 일주서로 6716,126.369490442986,33.4718136160372
서제주새마을금고 본점 점두365ATM,제주특별자치도 제주시 애월읍 신엄리 1280-17,제주특별자치도 제주시 애월읍 일주서로 6693,126.36721788475724,33.47158475303861
한마음새마을금고 광령지점,제주특별자치도 제주시 애월읍 광령리 1345-1,제주특별자치도 제주시 애월읍 광성로 277,126.43655097962608,33.46069448433571
한마음새마을금고 광령지점 점두365ATM,제주특별자치도 제주시 애월읍 광령리 1345-1,제주특별자치도 제주시 애월읍 광성로 277,126.43655097962608,33.46069448433571
CU ATM 제주무수천점,제주특별자치도 제주시 애월읍 광령리 45,,126.444223685859,33.4617010359811
새마을금고중앙회 제주지역본부,제주특별자치도 제주시 해안동 2171,,126.45676583490332,33.467076932250514
CU ATM 서부관광점,제주특별자치도 제주시 해안동 2355-1,제주특별자치도 제주시 노형로 41,126.451512118282,33.4631183437812
롯데ATM 제주은행 엔엑스씨,제주특별자치도 제주시 노형동 86,,126.485467901041,33.4721320113454
CU ATM 제주정실점,제주특별자치도 제주시 오라이동 736-1,제주특별자치도 제주시 아연로 171,126.509240630162,33.4710563375001
롯데ATM 제주은행 제주연구원,제주특별자치도 제주시 오라이동 44-1,,126.514690143984,33.4676625469231
롯데ATM 세븐일레븐 제주정실(CD),제주특별자치도 제주시 오라이동 793-10,,126.507037570121,33.47254785041
제주은행 제주대학병원출장소,제주특별자치도 제주시 아라일동 1753-3,제주특별자치도 제주시 아란13길 15,126.54520905708232,33.46727788336901
농협은행 업무지원센터 용역관리7팀 ATM,제주특별자치도 제주시 아라일동 1753-3,제주특별자치도 제주시 아란13길 15,126.5452008138603,33.46720843001075
NH농협은행 제주대학교지점,제주특별자치도 제주시 아라일동 1,제주특별자치도 제주시 제주대학로 102,126.56356071627783,33.45966943809095
아라새마을금고 본점,제주특별자치도 제주시 아라일동 6139-3,제주특별자치도 제주시 중앙로 587,126.54595604213202,33.47091135568696
아라새마을금고 본점 점두365ATM,제주특별자치도 제주시 아라일동 6139-3,제주특별자치도 제주시 중앙로 587,126.54595604213202,33.47091135568696
롯데ATM 제주은행 그린필드CC,제주특별자치도 제주시 조천읍 와흘리 2927-4,,126.647520676181,33.463224718649
롯데ATM 제주은행 에코랜드호텔,제주특별자치도 제주시 조천읍 대흘리 1221-1,,126.670374306189,33.4617187987349
NH농협은행 365코너 구좌농협본점,제주특별자치도 제주시 구좌읍 송당리 1363,제주특별자치도 제주시 구좌읍 중산간동로 2222,126.780455902528,33.4719199539528
NH농협은행 365코너 구좌농협송당,제주특별자치도 제주시 구좌읍 송당리 1363,제주특별자치도 제주시 구좌읍 중산간동로 2222,126.780447341521,33.471901906672
성산일출봉농협 365코너 성산포지점,제주특별자치도 서귀포시 성산읍 성산리 229-1,제주특별자치도 서귀포시 성산읍 성산중앙로 49,126.933847459659,33.4640868287452
제주은행ATM 성산일출봉,제주특별자치도 서귀포시 성산읍 성산리 102-1,제주특별자치도 서귀포시 성산읍 일출로 284-13,126.9360816849126,33.462685096383936
CU ATM 제주씨앤블루점,제주특별자치도 제주시 애월읍 신엄리 2718-1,제주특별자치도 제주시 애월읍 애월해안로 576,126.365315317326,33.4778608852718
한마음새마을금고 본점,제주특별자치도 제주시 애월읍 하귀2리 1425,제주특별자치도 제주시 애월읍 하귀로 75,126.40460987622288,33.48153690771406
우체국365코너,제주특별자치도 제주시 애월읍 하귀2리 1903-4,제주특별자치도 제주시 애월읍 하귀로23길 20,126.402522217969,33.4783018808198
하귀농협 ATM,제주특별자치도 제주시 애월읍 하귀2리 1763-1,제주특별자치도 제주시 애월읍 일주서로 7020,126.400372376915,33.4813046052831
한마음새마을금고 본점 점두365ATM,제주특별자치도 제주시 애월읍 하귀2리 1425,제주특별자치도 제주시 애월읍 하귀로 75,126.40460987621944,33.48153690778614
CU 제주하귀휴먼시아점 ATM,제주특별자치도 제주시 애월읍 하귀1리 138-8,제주특별자치도 제주시 애월읍 하귀9길 25,126.41607674880945,33.48493725861076
CU ATM 제주아름점,제주특별자치도 제주시 외도일동 641-1,제주특별자치도 제주시 우정로18길 25,126.428465682346,33.4842268587006
제주서부새마을금고 본점 점외365ATM,제주특별자치도 제주시 외도일동 544-9,제주특별자치도 제주시 우정로 76,126.430679879943,33.48605194881319
NH농협은행 365코너 노형지점,제주특별자치도 제주시 노형동 1534,제주특별자치도 제주시 한라대학로 38,126.475038224702,33.4769099996199
CU ATM 제주노형중점,제주특별자치도 제주시 노형동 3813-6,제주특별자치도 제주시 한라대학로 33,126.475153323158,33.4785189284901
CU 노형대화점 ATM,제주특별자치도 제주시 노형동 2519-14,제주특별자치도 제주시 노형로 349,126.47369623385818,33.48213444583364
하나은행 신제주지점,제주특별자치도 제주시 노형동 709,제주특별자치도 제주시 1100로 3308,126.48166788419256,33.481573892192806
우리은행 제주금융센터,제주특별자치도 제주시 노형동 711-3,제주특별자치도 제주시 연북로 14,126.48265434287602,33.48178177377191
신한은행 신제주,제주특별자치도 제주시 노형동 725-1,제주특별자치도 제주시 연북로 36,126.48521987638031,33.4816914780552
제주서부새마을금고 한라대학로지점,제주특별자치도 제주시 노형동 762-2,제주특별자치도 제주시 한라대학로 89,126.47987439626918,33.4765210651167
IBK기업은행 신제주,제주특별자치도 제주시 노형동 710-1,제주특별자치도 제주시 연북로 17,126.48328015542548,33.48238845151493
KB국민은행 신제주,제주특별자치도 제주시 노형동 726-2,제주특별자치도 제주시 연북로 50,126.48666005707317,33.4815901620198
노형새마을금고 본점,제주특별자치도 제주시 노형동 3797,제주특별자치도 제주시 신형로 20,126.47714415630736,33.48202552159199
제주은행 본점,제주특별자치도 제주시 노형동 3779-1,제주특별자치도 제주시 1100로 3351,126.479348514379,33.4851182467418
NH농협은행 노형금융센터,제주특별자치도 제주시 노형동 1288-5,제주특별자치도 제주시 노형로 407,126.47831361619102,33.48580631715586
NH농협은행 연북로지점,제주특별자치도 제주시 노형동 726,제주특별자치도 제주시 연북로 46,126.48620365444772,33.48162613768758
한국산업은행 제주지점,제주특별자치도 제주시 노형동 3784-8,제주특별자치도 제주시 신형로 51,126.48102283475872,33.482211323498284
SC제일은행 제주지점,제주특별자치도 제주시 노형동 3780-1,제주특별자치도 제주시 노형11길 2,126.47839264957878,33.484827521039776
제주은행 영업부,제주특별자치도 제주시 노형동 3779-1,제주특별자치도 제주시 1100로 3351,126.47934637329509,33.485116434563
제주은행 연북로지점,제주특별자치도 제주시 노형동 726-4,제주특별자치도 제주시 연북로 54,126.48708807165188,33.481624391502784
노형새마을금고 정존지점,제주특별자치도 제주시 노형동 2615-1,제주특별자치도 제주시 수덕로 29,126.47369327059036,33.48689393565598
하나새마을금고 중앙지점,제주특별자치도 제주시 노형동 722,제주특별자치도 제주시 연북로 33,126.48518690727133,33.48235401172744
노형새마을금고 월랑지점,제주특별자치도 제주시 노형동 1280-5,제주특별자치도 제주시 다랑곶길 1,126.47881708122304,33.487078778092965
CU ATM 제주한라대점,제주특별자치도 제주시 노형동 1551-4,,126.477078079822,33.4761901353218
CU ATM 제주진군점,제주특별자치도 제주시 노형동 747-8,제주특별자치도 제주시 진군3길 16,126.479194417976,33.4777858496982
제주서부새마을금고 한라대학로지점 점두365ATM,제주특별자치도 제주시 노형동 762-2,제주특별자치도 제주시 한라대학로 89,126.47987439626918,33.4765210651167
하나은행 신제주 ATM,제주특별자치도 제주시 노형동 709,제주특별자치도 제주시 1100로 3308,126.481677454467,33.4815928657329
제주축산농협 노형뉴타운지점 ATM,제주특별자치도 제주시 노형동 3792-12,제주특별자치도 제주시 노형11길 25,126.477721618013,33.4827943098511
CU 제주노형길점 ATM,제주특별자치도 제주시 노형동 3802-5,제주특별자치도 제주시 노형5길 15,126.47621833092282,33.48086216467495
제주양돈농협 신비로지점 ATM,제주특별자치도 제주시 노형동 740,제주특별자치도 제주시 1100로 3285,126.48175929498,33.4795934753894
우리은행 ATM,제주특별자치도 제주시 노형동 711-3,제주특별자치도 제주시 연북로 14,126.4826838958222,33.481697147428164
KB국민은행 연북로 ATM,제주특별자치도 제주시 노형동 726-2,제주특별자치도 제주시 연북로 50,126.48666005707317,33.4815901620198
롯데ATM 제주은행 네오플,제주특별자치도 제주시 노형동 77,,126.485281733543,33.473050864353
하나은행365 신제주 ATM,제주특별자치도 제주시 노형동 709,제주특별자치도 제주시 1100로 3308,126.48167745446962,33.48159286566076
한국투자저축은행 제주여신전문출장소,제주특별자치도 제주시 노형동 726,제주특별자치도 제주시 연북로 46,126.486203654448,33.4816261376876
KB국민은행 연북로 365자동화점 ATM,제주특별자치도 제주시 노형동 726-2,제주특별자치도 제주시 연북로 50,126.48666100533724,33.48161180417507
롯데ATM 제주은행 제주드림타워카지노,제주특별자치도 제주시 노형동 925,,126.481495976604,33.4851452817839
CU ATM 노형아이파크점,제주특별자치도 제주시 노형동 3785-4,제주특별자치도 제주시 노형10길 23,126.47965588842,33.4833776618582
롯데ATM 롯데마트 제주B1층 4,제주특별자치도 제주시 노형동 708,제주특별자치도 제주시 연북로 1,126.481421544135,33.4824690446825
롯데ATM 롯데마트 제주1층 1,제주특별자치도 제주시 노형동 708,제주특별자치도 제주시 연북로 1,126.481421544135,33.4824690446825
신한은행 365코너 제주드림타워호텔로비,제주특별자치도 제주시 노형동 925,제주특별자치도 제주시 노연로 12,126.481459772249,33.4852623372669
농협은행 노형금융센터 ATM,제주특별자치도 제주시 노형동 1288-5,제주특별자치도 제주시 노형로 407,126.47831361619102,33.48580631715586
SC제일은행 제주 ATM,제주특별자치도 제주시 노형동 3780-1,제주특별자치도 제주시 노형11길 2,126.478392649576,33.4848275211118
노형새마을금고 정존지점 점두365ATM,제주특별자치도 제주시 노형동 2615-1,제주특별자치도 제주시 수덕로 29,126.47369327058726,33.486893935727984
하나새마을금고 중앙지점 점두365ATM,제주특별자치도 제주시 노형동 722,제주특별자치도 제주시 연북로 33,126.4851869072683,33.48235401179952
신한 신제주 ATM 입구,제주특별자치도 제주시 노형동 725-1,제주특별자치도 제주시 연북로 36,126.4851770539087,33.48165523647312
롯데ATM 세븐일레븐 제주연동제일,제주특별자치도 제주시 연동 1514-13,제주특별자치도 제주시 연화로2길 1,126.487665224105,33.4775254313811
참조은새마을금고 연동지점,제주특별자치도 제주시 연동 1494,제주특별자치도 제주시 연북로 106,126.49340651058314,33.481146388499205
호남새마을금고 신제주지점,제주특별자치도 제주시 연동 268-2,제주특별자치도 제주시 신광로 96,126.489629739018,33.48358412772381
NH농협은행 제주시지부,제주특별자치도 제주시 연동 303-1,제주특별자치도 제주시 신대로 110,126.49619959654775,33.48746351478081
한마음새마을금고 연동지점,제주특별자치도 제주시 연동 304-5,제주특별자치도 제주시 신대로 136,126.49603373722071,33.48507542303848
삼다신협 점두365 ATM,제주특별자치도 제주시 연동 1516-2,제주특별자치도 제주시 국기로 34,126.489915013901,33.4786021973502
CU ATM 제주연화점,제주특별자치도 제주시 연동 1518-8,제주특별자치도 제주시 연화로1길 32,126.490295596564,33.4780988706953
CU제주대림점 ATM,제주특별자치도 제주시 연동 1495-1,제주특별자치도 제주시 과원북2길 48,126.48760761124376,33.478722509147524
GS25 연동대림점 ATM,제주특별자치도 제주시 연동 1400-3,제주특별자치도 제주시 과원북4길 73,126.48936003803443,33.48113879861245
신한은행ATM 메종글래드제주지점,제주특별자치도 제주시 연동 263-15,제주특별자치도 제주시 노연로 80,126.488782249758,33.4851719456827
롯데ATM 세븐일레븐 제주에코블루,제주특별자치도 제주시 연동 1374-2,제주특별자치도 제주시 연북로 98,126.491632277032,33.4815232024212
농협은행 연북로지점 ATM,제주특별자치도 제주시 노형동 726,제주특별자치도 제주시 연북로 46,126.48620365444772,33.48162613768758
CU 제주크라운점 ATM,제주특별자치도 제주시 연동 268-1,제주특별자치도 제주시 신광로 94,126.48963227939504,33.48370134523463
신한 신제주 ATM 그랜드호텔,제주특별자치도 제주시 연동 263-15,제주특별자치도 제주시 노연로 80,126.48887775593904,33.48558166248659
신한은행 365코너 그랜드호텔,제주특별자치도 제주시 연동 263-15,제주특별자치도 제주시 노연로 80,126.488211726529,33.48521647374989
CU 제주연동점 ATM,제주특별자치도 제주시 연동 275-1,제주특별자치도 제주시 신대로20길 56,126.49040673006516,33.48392452068328
롯데ATM 세븐일레븐 제주노형벽강(CD),제주특별자치도 제주시 노형동 941-3,,126.485653570137,33.4851337557197
호남새마을금고 신제주지점 점두365ATM,제주특별자치도 제주시 연동 268-2,제주특별자치도 제주시 신광로 96,126.48962973901502,33.48358412779587
CU제주연동아랑점 ATM,제주특별자치도 제주시 연동 294-46,제주특별자치도 제주시 신대로18길 16,126.4947161494452,33.484809497743264
CU제주연북로점 ATM,제주특별자치도 제주시 오라이동 1770-2,제주특별자치도 제주시 연북로 260,126.5089197099522,33.48103211487117
농협365오토뱅크,제주특별자치도 제주시 연동 355-7,제주특별자치도 제주시 연오로 89,126.501803940416,33.4852971038281
CU제주연오로점 ATM,제주특별자치도 제주시 연동 330-10,제주특별자치도 제주시 연오로 108,126.50132125313768,33.48334591787494
롯데ATM 세븐일레븐 제주신대로(CD),제주특별자치도 제주시 연동 304-28,,126.496695095455,33.4840214438323
CU 연동세일점 ATM,제주특별자치도 제주시 연동 313-47,제주특별자치도 제주시 선덕로 17,126.49835669494836,33.485830464918244
한마음새마을금고 연동지점 점두365ATM,제주특별자치도 제주시 연동 304-5,제주특별자치도 제주시 신대로 136,126.4960337372178,33.48507542311052
NH농협은행 제주금융센터,제주특별자치도 제주시 도남동 278-2,제주특별자치도 제주시 연북로 440,126.5283826883817,33.48069657722924
한국은행 제주본부,제주특별자치도 제주시 도남동 669-1,제주특별자치도 제주시 복지로1길 20,126.519624579084,33.4881371570278
CU제주오등동점 ATM,제주특별자치도 제주시 오등동 1377-19,제주특별자치도 제주시 아연로 429,126.52628241689992,33.47498056636425
SC제일은행 365코너 한국은행제주지점객장,제주특별자치도 제주시 도남동 669-1,제주특별자치도 제주시 복지로1길 20,126.519624678637,33.4881191255407
제주은행 아라지점,제주특별자치도 제주시 아라일동 6105-3,제주특별자치도 제주시 중앙로 545,126.54580532859356,33.474848980032434
우정새마을금고 연북로지점,제주특별자치도 제주시 이도이동 2019-5,제주특별자치도 제주시 연북로 567,126.53952722668386,33.48736160227965
삼호저축은행 제주지점,제주특별자치도 제주시 아라일동 6104-4,제주특별자치도 제주시 중앙로 535,126.54520480236128,33.475712310984186
CU ATM 아라스위첸점,제주특별자치도 제주시 아라일동 6088,제주특별자치도 제주시 아란9길 22,126.542079312261,33.4741031741081
스마트저축은행 제주여신전문출장소,제주특별자치도 제주시 이도이동 2019-1,제주특별자치도 제주시 중앙로 386,126.53987100603509,33.48787047708991
CU제주아라초교점 ATM,제주특별자치도 제주시 아라일동 6100-2,제주특별자치도 제주시 중앙로 528,126.5443966222516,33.47595908516804
제주은행 아라지점 점두2 ATM,제주특별자치도 제주시 아라일동 6105-3,제주특별자치도 제주시 중앙로 545,126.545805328594,33.4748489800324
CU 제주아라중앙점 ATM,제주특별자치도 제주시 아라일동 6115-8,제주특별자치도 제주시 인다10길 25,126.54843704243125,33.47460164032708
NH농,제주특별자치도 제주시 아라일동 6121,제주특별자치도 제주시 인다1길 20,126.550042326059,33.4758246342015
롯데ATM 세븐일레븐 제주구남센터,제주특별자치도 제주시 이도이동 2013-4,제주특별자치도 제주시 구남동4길 38,126.536649824054,33.4875997175943
제주은행 외도지점,제주특별자치도 제주시 외도일동 498-9,제주특별자치도 제주시 우정로 50,126.43065941818556,33.48852130629412
제주서부새마을금고 본점,제주특별자치도 제주시 외도일동 475-10,제주특별자치도 제주시 우정로 32,126.43069313826676,33.490110059935695
IBK기업은행365 한성개발 그라벨호텔,제주특별자치도 제주시 외도일동 401-8,제주특별자치도 제주시 일주서로 7316,126.428700372964,33.4923999384457
롯데ATM 세븐일레븐 제주외도로(CD),제주특별자치도 제주시 외도일동 400-5,제주특별자치도 제주시 우정로4길 40,126.42663648583,33.4914239038978
NH농협은행 365코너 제주시농협외도지점,제주특별자치도 제주시 외도일동 449-4,제주특별자치도 제주시 우정로 25,126.431183878383,33.4904278694612
롯데ATM 세븐일레븐 제주해밀마루,제주특별자치도 제주시 외도일동 505-7,제주특별자치도 제주시 우정로15길 49,126.432449602165,33.4890596520644
제주시농협 외도지점 ATM,제주특별자치도 제주시 내도동 581-2,제주특별자치도 제주시 일주서로 7416,126.439025042831,33.4935731925617
CU 제주이호행운점 ATM,제주특별자치도 제주시 이호일동 1923-1,제주특별자치도 제주시 일주서로 7525,126.45039661210858,33.49515234412067
CU 이호테우해변점 ATM,제주특별자치도 제주시 이호일동 1699-1,제주특별자치도 제주시 테우해안로 172,126.4519535697534,33.496882176198966
NH농협은행 365코너 제주시농협서부지점,제주특별자치도 제주시 이호일동 664-2,제주특별자치도 제주시 항골남길 45,126.458336371031,33.4983717184392
GS25 제주월랑점 ATM,제주특별자치도 제주시 도두일동 2280-2,제주특별자치도 제주시 월랑로 93,126.47185250585513,33.49252555497398
CU 제주정든점 ATM,제주특별자치도 제주시 노형동 2579-5,제주특별자치도 제주시 월랑로 47,126.47504849995464,33.48947552985613
CU 제주노형행운점 ATM,제주특별자치도 제주시 노형동 1060-1,제주특별자치도 제주시 수덕7길 14,126.47561979445376,33.48680923850655
개인택시새마을금고 본점,제주특별자치도 제주시 연동 1951-1,제주특별자치도 제주시 남녕로4길 43,126.4799635756505,33.492564367673324
한국씨티은행 제주지점,제주특별자치도 제주시 노형동 1294-5,제주특별자치도 제주시 도령로 33,126.4825158401318,33.488065292597554
IBK기업은행365 베스트웨스턴호텔제주,제주특별자치도 제주시 노형동 1295-16,제주특별자치도 제주시 도령로 27,126.481854447212,33.4878263119995
NH농협은행 365코너 제주양돈축협,제주특별자치도 제주시 노형동 1053-4,제주특별자치도 제주시 월랑로 26,126.476944642755,33.4883682793771
하나은행365 gs25 제주노형점,제주특별자치도 제주시 노형동 1295-17,제주특별자치도 제주시 도령로 31,126.482150054682,33.4878753319676
한국씨티은행 제주지점 점내365 ATM,제주특별자치도 제주시 노형동 1294-5,제주특별자치도 제주시 도령로 33,126.4827205002166,33.48802828012026
NH농협은행 365코너 제주축협남녕로지점,제주특별자치도 제주시 노형동 1272-1,제주특별자치도 제주시 남녕로 37,126.480541301959,33.4907816406926
CU 제주남녕점 ATM,제주특별자치도 제주시 노형동 1271-10,제주특별자치도 제주시 월랑로4길 35,126.48038400062872,33.48973423373274
CU제주월랑초교점 ATM,제주특별자치도 제주시 노형동 1077,제주특별자치도 제주시 남녕로 66,126.47939263229637,33.493029895932544
하나은행365 제주 한라병원,제주특별자치도 제주시 연동 1963-2,제주특별자치도 제주시 도령로 65,126.485082294692,33.4900324368341
CU ATM 제주월랑점,제주특별자치도 제주시 노형동 1047-8,제주특별자치도 제주시 남녕로 43-1,126.479996192399,33.4912481818274
CU 제주에코아바점 ATM,제주특별자치도 제주시 노형동 904-5,제주특별자치도 제주시 원노형3길 40,126.48180126115716,33.48681991318177
신제주신협365코너,제주특별자치도 제주시 노형동 1272-7,제주특별자치도 제주시 남녕로 29,126.481007680113,33.4903445198956
롯데ATM 제주은행 제주드림타워,제주특별자치도 제주시 노형동 925,,126.481495976604,33.4851452817839
제주은행 365코너 롯데씨티호텔,제주특별자치도 제주시 연동 2324-6,제주특별자치도 제주시 도령로 83,126.486508539729,33.490674878562
CU ATM 제주제성점,제주특별자치도 제주시 연동 2442,제주특별자치도 제주시 제성1길 16,126.482427487409,33.4949584895484
Sh수협은행 제주지역금융본부,제주특별자치도 제주시 연동 292-34,제주특별자치도 제주시 삼무로 84,126.49570599921574,33.4892710029943
NH농협은행 제주특별자치도청지점,제주특별자치도 제주시 연동 312-1,제주특별자치도 제주시 문연로 6,126.49762743004106,33.48839704982907
제주은행 신제주금융센터,제주특별자치도 제주시 연동 301-14,제주특별자치도 제주시 신대로 69,126.49697811308152,33.49108657030609
신제주새마을금고 본점,제주특별자치도 제주시 연동 282-31,제주특별자치도 제주시 연동11길 14,126.4931078587623,33.488457084298155
제주은행 제주특별자치도지점,제주특별자치도 제주시 연동 312-1,제주특별자치도 제주시 문연로 6,126.4974903034048,33.48829281073284
NH농협은행 제주특별자치도교육청 출장소,제주특별자치도 제주시 연동 311-46,제주특별자치도 제주시 문연로 5,126.49835566020867,33.49011573006927
서제주새마을금고 연동지점,제주특별자치도 제주시 연동 322-17,제주특별자치도 제주시 연오로 54,126.50151816521289,33.48841456436798
하나은행365 제주썬호텔(우측),제주특별자치도 제주시 연동 291-30,제주특별자치도 제주시 삼무로 67,126.49390293738432,33.49013729525957
CU 제주제원점 ATM,제주특별자치도 제주시 연동 272-19,제주특별자치도 제주시 신광로 45,126.49028918556716,33.48801095559561
CU ATM 신제주점,제주특별자치도 제주시 연동 282-11,제주특별자치도 제주시 삼무로 62,126.493193691893,33.4896078669503
수협은행 제주지역금융본부 ATM,제주특별자치도 제주시 연동 292-34,제주특별자치도 제주시 삼무로 84,126.4957059992128,33.48927100306628
제주감귤농협 서제주지점 ATM,제주특별자치도 제주시 연동 2325-6,제주특별자치도 제주시 도령로 95,126.48795587112288,33.491211904775604
제주은행 365코너 롯데면세점,제주특별자치도 제주시 연동 2324-6,제주특별자치도 제주시 도령로 83,126.486508539729,33.490674878562
CU ATM 제주한일시티점,제주특별자치도 제주시 연동 2325-7,제주특별자치도 제주시 도령로 103,126.488542218959,33.4915938963098
CU 제주열린점 ATM,제주특별자치도 제주시 연동 250-5,제주특별자치도 제주시 삼무로 11,126.48798220513837,33.49021124693943
롯데ATM 제주은행 제주롯데시티호텔,제주특별자치도 제주시 연동 2324-6,,126.486598007873,33.4906482015146
제주은행 서광로지점,제주특별자치도 제주시 용담일동 2829-14,제주특별자치도 제주시 서광로 175,126.51520316532049,33.500322092726954
제민신협 365코너,제주특별자치도 제주시 오라이동 1479,제주특별자치도 제주시 연사3길 10,126.51204703999376,33.48819500689011
신협크레딧유니온,제주특별자치도 제주시 오라이동 1479,제주특별자치도 제주시 연사3길 10,126.512056875493,33.4881679978914
농협은행 제주시지부 ATM,제주특별자치도 제주시 연동 303-1,제주특별자치도 제주시 신대로 110,126.49619959654484,33.487463514852806
제이티친애저축은행 채권관리제주센터,제주특별자치도 제주시 도남동 573-2,제주특별자치도 제주시 청사로 11,126.52015825526654,33.490092076168445
IBK기업은행365 예나산부인과,제주특별자치도 제주시 용담이동 2757-3,제주특별자치도 제주시 서광로 83,126.504954444613,33.5006007319566
CU제주삼무로점 ATM,제주특별자치도 제주시 연동 291-94,제주특별자치도 제주시 신대로8길 17,126.49480680310548,33.4918044203604
롯데ATM 제주은행 제주관광협회2,제주특별자치도 제주시 오라삼동 2416,,126.509423125436,33.4997529779754
CU 제주은남점 ATM,제주특별자치도 제주시 연동 292-95,제주특별자치도 제주시 연동11길 21,126.49339359752088,33.48798491680941
CU 연동대로점 ATM,제주특별자치도 제주시 연동 290-1,제주특별자치도 제주시 연삼로 12,126.49361353866756,33.49345577368563
하나은행365 제주 시외버스터미널,제주특별자치도 제주시 오라일동 2441-1,제주특별자치도 제주시 서광로 174,126.51487079226,33.4997149221976
제주은행 365코너 상공회의소,제주특별자치도 제주시 도남동 574-1,제주특별자치도 제주시 청사로1길 18-4,126.519773266721,33.4904404030665
CU 제주스카이점 ATM,제주특별자치도 제주시 연동 283-58,제주특별자치도 제주시 노연로 117-1,126.49279937028534,33.48600168773908
CU 제주연동중앙점 ATM,제주특별자치도 제주시 연동 273-45,제주특별자치도 제주시 은남4길 37,126.49165127037936,33.486191727605494
신한 KBS ATM KBS제주방송총국,제주특별자치도 제주시 도남동 668,제주특별자치도 제주시 복지로1길 8,126.5193093172486,33.48910965554498
우체국365코너,제주특별자치도 제주시 용담일동 2824-5,제주특별자치도 제주시 남성로 6,126.513154038904,33.5007296918591
롯데ATM 제주은행 제주상공회의소,제주특별자치도 제주시 도남동 574-1,,126.519770587183,33.4905359615739
CU 제주터미널점 ATM,제주특별자치도 제주시 오라일동 2440-7,제주특별자치도 제주시 서광로 166,126.51405577436998,33.49978205251944
제주은행ATM 서광로지점,제주특별자치도 제주시 용담일동 2829-14,제주특별자치도 제주시 서광로 175,126.515218643249,33.5002482227704
CU 제주공설로점 ATM,제주특별자치도 제주시 오라일동 2446-22,제주특별자치도 제주시 공설로 33-1,126.517641150524,33.4973220937558
CU제주다들점 ATM,제주특별자치도 제주시 연동 2332-2,제주특별자치도 제주시 도령로15길 8,126.48982087015229,33.49319227914765
NH농협은행 정부제주지방합동청사 출장소,제주특별자치도 제주시 도남동 662,제주특별자치도 제주시 청사로 59,126.52511991993234,33.49086221639371
KB국민은행 제주종합금융센터,제주특별자치도 제주시 이도이동 1065-6,제주특별자치도 제주시 남광북1길 1,126.53432051804492,33.49459276537897
호남새마을금고 도남지점,제주특별자치도 제주시 도남동 663-9,제주특별자치도 제주시 청사로 85,126.52773783283617,33.49028348021414
IBK기업은행 제주,제주특별자치도 제주시 이도이동 1019-11,제주특별자치도 제주시 중앙로 286,126.53296161722278,33.49475715062398
한빛새마을금고 본점,제주특별자치도 제주시 도남동 918-2,제주특별자치도 제주시 도남로 41,126.52674017308568,33.49664582411459
한라새마을금고 본점,제주특별자치도 제주시 삼도일동 569-20,제주특별자치도 제주시 서사로 150,126.51958053948891,33.499034539086146
NH농협은행 남문지점,제주특별자치도 제주시 이도이동 1176-67,제주특별자치도 제주시 중앙로 217,126.52999601164016,33.50031687963594
제주은행 제주시청출장소,제주특별자치도 제주시 이도이동 1176-1,제주특별자치도 제주시 광양9길 10,126.53093664114,33.499904810016865
CU ATM 제주신성로점,제주특별자치도 제주시 오라일동 1085-6,제주특별자치도 제주시 신성로 10,126.520831223433,33.4956755409633
NH농협은행 365코너 서광로지점,제주특별자치도 제주시 삼도일동 568-1,제주특별자치도 제주시 서사로 154,126.51952858127454,33.49850510312533
새마을금고365코너 도남지점,제주특별자치도 제주시 도남동 747-1,제주특별자치도 제주시 복지로 113,126.529042855801,33.4895256983925
CU 도남대림점 ATM,제주특별자치도 제주시 도남동 905-6,제주특별자치도 제주시 신성로 35,126.5234635498347,33.496425899764965
NH농협은행 365코너 제주축협도남지점,제주특별자치도 제주시 도남동 84-3,제주특별자치도 제주시 신성로 76,126.527487451085,33.4953729220237
CU 제주아스타호텔점 ATM,제주특별자치도 제주시 삼도일동 535-10,제주특별자치도 제주시 서사로 129,126.52023886509598,33.500839372208546
CU 도남오거리점 ATM,제주특별자치도 제주시 도남동 918,제주특별자치도 제주시 도남로 37,126.5265886671046,33.496802122433
KB국민은행 제주종합금융센터 ATM,제주특별자치도 제주시 이도이동 1065-6,제주특별자치도 제주시 남광북1길 1,126.53432051804492,33.49459276537897
한라새마을금고 본점 점두365ATM,제주특별자치도 제주시 삼도일동 569-20,제주특별자치도 제주시 서사로 150,126.51958053948611,33.49903453915794
한빛새마을금고 본점 점두365ATM,제주특별자치도 제주시 도남동 918-2,제주특별자치도 제주시 도남로 41,126.52674017308844,33.49664582404276
IBK기업은행365 제주점365,제주특별자치도 제주시 이도이동 1019-11,제주특별자치도 제주시 중앙로 286,126.533099034071,33.4948171737144
CU 제주서광점 ATM,제주특별자치도 제주시 삼도일동 572-10,제주특별자치도 제주시 서광로 238,126.5217271919425,33.499470198369806
신협ATM 본점,제주특별자치도 제주시 삼도일동 534-10,제주특별자치도 제주시 서광로 215,126.51950732112068,33.50011279449128
CU 제주도남점 ATM,제주특별자치도 제주시 도남동 80,제주특별자치도 제주시 연삼로 366,126.53142494337187,33.4929634895215
롯데ATM 세븐일레븐 제주제광,제주특별자치도 제주시 이도이동 1780-3,제주특별자치도 제주시 서광로28길 15,126.52677436972692,33.49906312450535
CU 제주신삼도점 ATM,제주특별자치도 제주시 삼도일동 558-10,제주특별자치도 제주시 서광로 257,126.52400187647348,33.500111875469905
롯데ATM 세븐일레븐 제주삼도서광,제주특별자치도 제주시 삼도일동 554-7,제주특별자치도 제주시 홍랑길 7,126.522961092476,33.5005307194965
제주양돈농협365코너 이도지점,제주특별자치도 제주시 이도이동 1026-13,제주특별자치도 제주시 중앙로 316-1,126.535273109624,33.4927318460432
CU ATM 제주대학로점,제주특별자치도 제주시 이도이동 1768-18,제주특별자치도 제주시 중앙로 232-1,126.529969941687,33.4987687464431
NH농협은행 365코너 제주시농협광양지점,제주특별자치도 제주시 이도이동 1185-9,제주특별자치도 제주시 중앙로 248,126.530888263123,33.4977011344208
제주축산농협 대학로지점 ATM,제주특별자치도 제주시 이도이동 1180-6,제주특별자치도 제주시 중앙로 245,126.531213254694,33.4980999668354
롯데ATM 세븐일레븐 제주이도아람,제주특별자치도 제주시 이도이동 1011-6,제주특별자치도 제주시 중앙로 270-4,126.531901339463,33.4958188331242
제주은행 이도SOHO컨설팅센터,제주특별자치도 제주시 이도이동 2006-3,제주특별자치도 제주시 중앙로 352,126.53751318726832,33.49015355332061
NH농협은행 제주법원지점,제주특별자치도 제주시 이도이동 950-1,제주특별자치도 제주시 남광북5길 3,126.53611662690491,33.49315695243098
NH농협은행 이도지점,제주특별자치도 제주시 아라이동 3001-10,제주특별자치도 제주시 승천로 73,126.54299219101914,33.492433275659025
한솔새마을금고 본점,제주특별자치도 제주시 이도이동 1080,제주특별자치도 제주시 남광북5길 4,126.53619396344853,33.492981431129664
NH농협은행 일도지점,제주특별자치도 제주시 이도이동 390,제주특별자치도 제주시 연삼로 473,126.540712722881,33.49943383664058
NH농협은행 제주시청 출장소,제주특별자치도 제주시 이도이동 1176-1,제주특별자치도 제주시 광양9길 10,126.53134795272658,33.499663838031566
동문새마을금고 본점,제주특별자치도 제주시 이도이동 415,제주특별자치도 제주시 연삼로 494,126.54254875027432,33.49981929786714
제주은행 연삼로금융센터,제주특별자치도 제주시 일도이동 68-6,제주특별자치도 제주시 연삼로 511,126.54389123641536,33.50115499846951
중앙새마을금고 본점,제주특별자치도 제주시 이도이동 1176-74,제주특별자치도 제주시 동광로2길 2,126.53019909832156,33.50077205240547
제주새마을금고 이도지점,제주특별자치도 제주시 이도이동 1956,제주특별자치도 제주시 신설로 55,126.54837591659792,33.49425890724569
Sh수협은행365 이도지점,제주특별자치도 제주시 이도이동 1064-1,제주특별자치도 제주시 연삼로 416,126.535697866831,33.495809675576
롯데ATM 세븐일레븐 제주라마다시티,제주특별자치도 제주시 이도이동 1025-8,제주특별자치도 제주시 중앙로 304,126.534298361461,33.4935053603703
제주은행ATM 이도뉴타운지점,제주특별자치도 제주시 아라이동 3003-11,,126.54370482607396,33.49166466979276
농협은행 이도지점 ATM,제주특별자치도 제주시 아라이동 3001-10,제주특별자치도 제주시 승천로 73,126.5429921910165,33.49243327573093
CU 제주구남중앙점 ATM,제주특별자치도 제주시 이도이동 2002-1,제주특별자치도 제주시 구남동2길 27,126.53526256816662,33.489065023447004
CU제주중앙점 ATM,제주특별자치도 제주시 이도이동 1991-11,제주특별자치도 제주시 남광로2길 11-2,126.53805679462344,33.4913294564992
한솔새마을금고 본점 점두365ATM,제주특별자치도 제주시 이도이동 1080,제주특별자치도 제주시 남광북5길 4,126.53619396344853,33.492981431129664
CU 제주법원점 ATM,제주특별자치도 제주시 이도이동 1080-20,제주특별자치도 제주시 중앙로 319,126.53590441789044,33.49279552033183
한라신협 법원365 ATM,제주특별자치도 제주시 이도이동 1066-4,제주특별자치도 제주시 중앙로 299,126.5346422120419,33.49440193457111
제주은행 이도뉴타운점2 ATM,제주특별자치도 제주시 아라이동 3003-11,제주특별자치도 제주시 승천로 83,126.543717112843,33.4916777063004
하나은행365 구.제주출장소,제주특별자치도 제주시 이도이동 1176-3,제주특별자치도 제주시 동광로 18,126.531204120654,33.5013916467193
동제주신협365코너 이도지점,제주특별자치도 제주시 이도이동 1060-13,제주특별자치도 제주시 연삼로 429,126.536417838187,33.4970096871526
롯데ATM 세븐일레븐 제주이도탐라,제주특별자치도 제주시 이도이동 1067-18,제주특별자치도 제주시 오복4길 10,126.536527071313,33.4952916588513
CU 이도에코빌점 ATM,제주특별자치도 제주시 이도이동 1018,제주특별자치도 제주시 중앙로 274,126.53232603623206,33.49568609930399
롯데ATM 세븐일레븐 제주가령로,제주특별자치도 제주시 이도이동 1035-3,제주특별자치도 제주시 가령로4길 1,126.533011934875,33.4966092128529
새마을금고 365코너 이도지점,제주특별자치도 제주시 이도이동 1956,제주특별자치도 제주시 신설로 55,126.54837384873,33.4942426710851
CU ATM 제주곰솔곶점,제주특별자치도 제주시 이도이동 1948-10,제주특별자치도 제주시 신설로7길 25,126.544626800255,33.4938575010134
롯데ATM 세븐일레븐 제주이도타운(CD),제주특별자치도 제주시 이도이동 1952-7,,126.546532121568,33.4949680393404
신한은행 365코너 일도2동점,제주특별자치도 제주시 일도이동 113-3,,126.548691075344,33.5011283965814
NH농협은행 365코너 제주축협연삼로지점,제주특별자치도 제주시 이도이동 409-13,제주특별자치도 제주시 연삼로 505,126.543247486035,33.5007838754934
NH농협은행 365코너 제주시농협공판장지점,제주특별자치도 제주시 일도이동 1,제주특별자치도 제주시 남광로 206,126.553292003991,33.5029518628477
CU ATM 제주대유대림점,제주특별자치도 제주시 일도이동 113-8,제주특별자치도 제주시 남광로 187,126.552886283279,33.5014862119084
CU 제주연산홍점 ATM,제주특별자치도 제주시 이도이동 1069,제주특별자치도 제주시 승천로 8,126.53829831339117,33.49691482816571
롯데ATM 세븐일레븐 제주이도센터,제주특별자치도 제주시 이도이동 409-7,제주특별자치도 제주시 청귤로3길 54,126.542574645219,33.501852485694
IBK기업은행365 예원,제주특별자치도 제주시 봉개동 2689-3,제주특별자치도 제주시 번영로 390,126.583183547354,33.4941158102806
CU ATM 제주봉개점,제주특별자치도 제주시 봉개동 1947-1,제주특별자치도 제주시 번영로 468,126.591946148559,33.4915772286693
롯데ATM 세븐일레븐 제주봉개LH,제주특별자치도 제주시 봉개동 1914,,126.594088843671,33.4889804538938
제주은행 수자원본부 ATM,제주특별자치도 제주시 조천읍 대흘리 2778-30,제주특별자치도 제주시 조천읍 중산간동로 601,126.650137048891,33.4995585153873
제주은행ATM 상하수도본부,제주특별자치도 제주시 조천읍 대흘리 2778-30,제주특별자치도 제주시 조천읍 중산간동로 601,126.650303530966,33.499906100523
롯데ATM 제주은행 메이즈랜드,제주특별자치도 제주시 구좌읍 평대리 3322,,126.800836967355,33.4884862077419
CU 제주종달점 ATM,제주특별자치도 제주시 구좌읍 종달리 1866,제주특별자치도 제주시 구좌읍 일주동로 3715,126.89384916790388,33.49301233623878
NH농협은행 365코너 구좌농협,제주특별자치도 제주시 구좌읍 종달리 1113-14,제주특별자치도 제주시 구좌읍 종달논길 33,126.901306157354,33.4932159511487
CU 도두항점 ATM,제주특별자치도 제주시 도두일동 2625-1,제주특별자치도 제주시 서해안로 164,126.46641575207865,33.504012853824406
CU 제주아모렉스리조트점 ATM,제주특별자치도 제주시 도두일동 1742,제주특별자치도 제주시 서해안로 216,126.47020559531988,33.50745425193236
신한은행 제주공항 출장소,제주특별자치도 제주시 용담이동 2002,제주특별자치도 제주시 공항로 2,126.49519277520136,33.506322506170974
제주은행 공항지점,제주특별자치도 제주시 용담이동 2002,제주특별자치도 제주시 공항로 2,126.4926612005777,33.50655649601029
KB국민은행 제주공항 대합실3층 ATM,제주특별자치도 제주시 용담이동 2002,제주특별자치도 제주시 공항로 2,126.4934567745544,33.507623626960964
신한은행365코너 제주공항국내면세점,제주특별자치도 제주시 용담이동 2002,제주특별자치도 제주시 공항로 2,126.49384200163664,33.506895815586155
신한 제주공항 ATM 제주공항대합실3층,제주특별자치도 제주시 용담이동 2002,제주특별자치도 제주시 공항로 2,126.4936561482414,33.5070230817848
신한은행 365코너 제주공항신화물청사(1층),제주특별자치도 제주시 용담이동 2002,제주특별자치도 제주시 공항로 2,126.493819590218,33.5068632667981
IBK기업은행365 제주국제공항 1층,제주특별자치도 제주시 용담이동 2002,,126.492764678363,33.5070825464653
신한은행 365코너 제주공항대합실1층,제주특별자치도 제주시 용담이동 2002,제주특별자치도 제주시 공항로 2,126.492940857812,33.5069534387692
하나은행365 제주국제공항1층,제주특별자치도 제주시 용담이동 2002,제주특별자치도 제주시 공항로 2,126.493289706211,33.5071126442016
IBK기업은행365 제주국제공항 3층,제주특별자치도 제주시 용담이동 2002,,126.492764636285,33.5070897590087
하나은행365 제주국제공항3층,제주특별자치도 제주시 용담이동 2002,제주특별자치도 제주시 공항로 2,126.493565756774,33.5072057350631
신한은행 365코너 제주공항대합실,제주특별자치도 제주시 용담이동 2002,제주특별자치도 제주시 공항로 2,126.493388733376,33.5071103444121
하나은행365 제주국제공항1층 ATM,제주특별자치도 제주시 용담이동 2002,제주특별자치도 제주시 공항로 2,126.49601242925844,33.50565415878782
신한 제주공항 ATM 입구,제주특별자치도 제주시 용담이동 2002,제주특별자치도 제주시 공항로 2,126.49595054745564,33.50593249830069
CU 제주서해안로점 ATM,제주특별자치도 제주시 용담삼동 2384-1,제주특별자치도 제주시 서해안로 456-2,126.48845101880724,33.518074106700375
NH농협은행 서문지점,제주특별자치도 제주시 용담일동 242-2,제주특별자치도 제주시 서문로 14,126.51309524868782,33.50949923495206
용담새마을금고 용담2동지점,제주특별자치도 제주시 용담이동 643,제주특별자치도 제주시 용문로 155,126.50971396983422,33.5084824297744
용담새마을금고 본점,제주특별자치도 제주시 용담일동 231-9,제주특별자치도 제주시 용담로 128,126.51476527221752,33.5095607842991
NH농협은행 제주영업부,제주특별자치도 제주시 삼도일동 794-1,제주특별자치도 제주시 서사로 52,126.51964317219245,33.5079569306573
하나새마을금고 본점,제주특별자치도 제주시 삼도일동 804-1,제주특별자치도 제주시 서사로 40,126.51979035856334,33.508783358361114
제주은행 365코너 용담킹마트,제주특별자치도 제주시 용담이동 627-28,제주특별자치도 제주시 용화로 52,126.508938870139,33.5090888348881
CU 제주용원점 ATM,제주특별자치도 제주시 용담이동 673-28,제주특별자치도 제주시 용문로 125,126.5083993034815,33.50610693917896
우리은행 365코너 제주출입국관리사무소,제주특별자치도 제주시 용담삼동 953,,126.503139704118,33.5138432348403
용담새마을금고 용담2동지점 점두365ATM,제주특별자치도 제주시 용담이동 643,제주특별자치도 제주시 용문로 155,126.50971396983422,33.5084824297744
CU 제주용화점 ATM,제주특별자치도 제주시 용담이동 614-3,제주특별자치도 제주시 용화로 37-2,126.50777163798196,33.50994882742163
CU 제주남성점 ATM,제주특별자치도 제주시 용담일동 267-1,제주특별자치도 제주시 남성로 47-1,126.51254489490502,33.504576189533324
농협은행 서문지점 ATM,제주특별자치도 제주시 용담일동 242-2,제주특별자치도 제주시 서문로 14,126.513095248685,33.5094992350237
제주은행 용담진영마트 ATM,제주특별자치도 제주시 용담이동 592-5,제주특별자치도 제주시 용담로 40,126.50711009128744,33.5129223444954
제주은행 365코너 진영하이퍼마트,제주특별자치도 제주시 용담이동 592-5,제주특별자치도 제주시 용담로 40,126.507199831846,33.5128505744373
NH농협은행 365코너 서문지점,제주특별자치도 제주시 용담일동 242-2,제주특별자치도 제주시 서문로 14,126.51309631483,33.5095010423943
용담새마을금고 본점 점두365ATM,제주특별자치도 제주시 용담일동 231-9,제주특별자치도 제주시 용담로 128,126.51476527221752,33.5095607842991
CU 제주전농로점 ATM,제주특별자치도 제주시 삼도일동 719-31,제주특별자치도 제주시 전농로 31,126.51650407722389,33.50460883350706
롯데ATM 세븐일레븐 제주사대부고,제주특별자치도 제주시 용담이동 603-24,제주특별자치도 제주시 용담로 71,126.51058586870704,33.51266474660215
하나은행365 용두암해수랜드,제주특별자치도 제주시 용담삼동 1006-3,제주특별자치도 제주시 서해안로 630,126.504418331235,33.5161158528707
NH농협은행 365코너 제주영업부,제주특별자치도 제주시 삼도일동 794-3,제주특별자치도 제주시 서사로 56,126.519711028311,33.5075577890791
롯데ATM 세븐일레븐 제주남성로,제주특별자치도 제주시 삼도일동 710-7,제주특별자치도 제주시 남성로 119,126.518144406264,33.5090411335664
CU 제주남문점 ATM,제주특별자치도 제주시 삼도이동 803-25,제주특별자치도 제주시 서사로 35,126.52022899330169,33.50926019607656
신한은행 제주금융센터,제주특별자치도 제주시 이도일동 1689-9,제주특별자치도 제주시 중앙로 166,126.52649321113456,33.504056870309306
하나은행 제주금융센터지점,제주특별자치도 제주시 일도일동 1430,제주특별자치도 제주시 중앙로 58,126.52433447314364,33.51288689733455
NH농협은행 제주중앙지점,제주특별자치도 제주시 이도일동 1421-1,제주특별자치도 제주시 오현길 75,126.52490954082823,33.51145016574618
제주은행 중앙로금융센터,제주특별자치도 제주시 이도일동 1349-17,제주특별자치도 제주시 오현길 90,126.52558580813792,33.51276547319161
호남새마을금고 본점,제주특별자치도 제주시 이도일동 1421-13,제주특별자치도 제주시 오현길 69,126.52494844245165,33.51083092219014
동문새마을금고 탐라지점,제주특별자치도 제주시 일도일동 1100-13,제주특별자치도 제주시 중앙로13길 34,126.52799881275288,33.51139255204794
열린새마을금고 본점,제주특별자치도 제주시 일도일동 1355-3,제주특별자치도 제주시 관덕로13길 9,126.52582546690516,33.51381764500502
제주새마을금고 일도지점,제주특별자치도 제주시 일도일동 1064-2,제주특별자치도 제주시 신산로 8,126.53162949541004,33.51252610768719
CU 제주중앙여중점 ATM,제주특별자치도 제주시 삼도이동 1240-7,제주특별자치도 제주시 중앙로24길 27,126.52250989979817,33.50567797126961
신한은행ATM 제주지점,제주특별자치도 제주시 일도일동 1298-1,제주특별자치도 제주시 중앙로 31,126.524916015528,33.5153856321376
롯데ATM 세븐일레븐 제주전농로(CD),제주특별자치도 제주시 삼도이동 594-3,제주특별자치도 제주시 전농로 79,126.521718879206,33.5045037531
CU ATM 제주시민점,제주특별자치도 제주시 삼도이동 228-35,제주특별자치도 제주시 중앙로 122,126.524149206523,33.5076037660981
CU 케이티점 ATM,제주특별자치도 제주시 이도일동 1690-5,제주특별자치도 제주시 전농로 115,126.52545025243992,33.504670470202726
CU 제주삼성혈점 ATM,제주특별자치도 제주시 이도일동 1271-36,제주특별자치도 제주시 삼성로 21,126.52833395831506,33.505760687090365
CU제주남일점 ATM,제주특별자치도 제주시 삼도이동 916-1,제주특별자치도 제주시 중앙로14길 30,126.521331502231,33.5111397691202
Sh수협은행 일도지점,제주특별자치도 제주시 일도이동 416-3,제주특별자치도 제주시 고마로 117,126.5420628106637,33.504019826844186
제주새마을금고 본점,제주특별자치도 제주시 일도이동 329-5,제주특별자치도 제주시 고마로 49,126.53957968465002,33.50977269819029
하나새마을금고 만덕지점,제주특별자치도 제주시 건입동 710-7,제주특별자치도 제주시 동문로 131,126.54060226970012,33.51402569404302
항운노조새마을금고 본점,제주특별자치도 제주시 건입동 1274-8,제주특별자치도 제주시 만덕로3길 2,126.53221603612695,33.5149346691679
제주은행ATM 동광로지점,제주특별자치도 제주시 일도이동 365-2,제주특별자치도 제주시 동광로 108,126.53898472568645,33.50594274538239
제주은행 365코너 동광로지점 점두365,제주특별자치도 제주시 일도이동 365-2,제주특별자치도 제주시 동광로 108,126.538992896399,33.5059576844658
하나은행365 구.제주 ATM,제주특별자치도 제주시 이도이동 1176-3,제주특별자치도 제주시 동광로 18,126.531188816453,33.5014357668369
수협은행 일도지점 ATM,제주특별자치도 제주시 일도이동 416-3,제주특별자치도 제주시 고마로 117,126.54206281066102,33.504019826915886
우체국365코너,제주특별자치도 제주시 일도이동 369-9,,126.541324156613,33.5077641116643
중앙새마을금고 본점 점두365ATM,제주특별자치도 제주시 이도이동 1176-74,제주특별자치도 제주시 동광로2길 2,126.53019909832156,33.50077205240547
CU 제주삼성로점 ATM,제주특별자치도 제주시 일도이동 165,제주특별자치도 제주시 삼성로 100,126.535454633073,33.50931371594594
롯데ATM 세븐일레븐 제주이도제일,제주특별자치도 제주시 이도이동 1175-7,제주특별자치도 제주시 동광로6길 11,126.532333570442,33.501089373553
롯데ATM 세븐일레븐 제주신산파크,제주특별자치도 제주시 이도일동 1248-42,제주특별자치도 제주시 동광로9길 39,126.53069699127715,33.504429895386856
CU 제주서해점 ATM,제주특별자치도 제주시 일도이동 409-6,제주특별자치도 제주시 고마로 101,126.5414259181607,33.505406825001366
NH농협은행 365코너 남문지점,제주특별자치도 제주시 이도이동 1176-67,제주특별자치도 제주시 중앙로 217,126.529884040227,33.5003263724323
CU 제주청귤로점 ATM,제주특별자치도 제주시 이도이동 369-10,제주특별자치도 제주시 청귤로1길 50,126.539289208323,33.50142287526732
롯데ATM 세븐일레븐 제주신천지,제주특별자치도 제주시 일도이동 47-1,제주특별자치도 제주시 천수로 72,126.544372716652,33.5045638890311
CU 제주일도점 ATM,제주특별자치도 제주시 일도이동 52-8,제주특별자치도 제주시 연수로3길 5,126.543504203211,33.5027214431026
CU ATM 제주고마로점,제주특별자치도 제주시 일도이동 146-37,제주특별자치도 제주시 고마로3길 33,126.541589806563,33.5122892815042
롯데ATM 세븐일레븐 제주일도하나,제주특별자치도 제주시 일도이동 133-10,제주특별자치도 제주시 동광로19길 55,126.54044002805,33.5131577617829
CU 제주사라점 ATM,제주특별자치도 제주시 건입동 709,제주특별자치도 제주시 사라봉길 10,126.5395971505943,33.51460348865059
CU 제주화북점 ATM,제주특별자치도 제주시 화북이동 3702-2,제주특별자치도 제주시 화남로 66,126.56347364500007,33.511991461373455
NH농협은행 365코너 제주양돈농협삼화지구지점,제주특별자치도 제주시 화북일동 1019-1,제주특별자치도 제주시 화삼로 13,126.574479701961,33.5144514326177
동제주새마을금고 삼화지점,제주특별자치도 제주시 도련일동 1977-2,제주특별자치도 제주시 화삼로 55,126.57893255969732,33.514436895445364
동제주새마을금고 삼화지점 점두365ATM,제주특별자치도 제주시 도련일동 1977-2,제주특별자치도 제주시 화삼로 55,126.57893255969732,33.514436895445364
CU ATM 제주삼화부영6차점,제주특별자치도 제주시 도련일동 1911,제주특별자치도 제주시 화삼로 107,126.584332453533,33.5158012104142
CU ATM 삼화주공점,제주특별자치도 제주시 화북일동 1002-1,제주특별자치도 제주시 화삼북로2길 12,126.576114180007,33.516534305237
CU 제주도련사거리점 ATM,제주특별자치도 제주시 도련이동 579-9,제주특별자치도 제주시 연삼로 978,126.58957528547096,33.515131677864915
NH농협은행 365코너 함덕농협,제주특별자치도 제주시 조천읍 선흘리 1211-5,제주특별자치도 제주시 조천읍 중산간동로 1290,126.705692816509,33.5108728378083
제주은행 365코너 오션스위츠 제주호텔,제주특별자치도 제주시 삼도이동 1260-1,제주특별자치도 제주시 탑동해안로 74,126.523105923361,33.5182709766097
롯데ATM 제주은행 오션스위츠호텔제주,제주특별자치도 제주시 삼도이동 1260-1,,126.523320117791,33.5182718010577
CU제주탑동로점 ATM,제주특별자치도 제주시 삼도이동 5-1,제주특별자치도 제주시 중앙로2길 15,126.52326609658265,33.51673889079648
CU 제주무근성점 ATM,제주특별자치도 제주시 삼도이동 1065-1,제주특별자치도 제주시 무근성7길 18,126.52034907886224,33.51421940754263
SC제일은행 365코너 서귀포등기소,제주특별자치도 제주시 일도일동 1476-11,제주특별자치도 제주시 관덕로 67,126.526572121206,33.5132822513867
제주은행 서문점2 ATM,제주특별자치도 제주시 삼도이동 1222-4,제주특별자치도 제주시 관덕로 5,126.519692054012,33.5129402105064
롯데ATM 세븐일레븐 제주칠성로(CD),제주특별자치도 제주시 일도일동 1276-26,제주특별자치도 제주시 관덕로15길 22,126.526884468255,33.5152200605168
하나은행 제주금융센터 ATM,제주특별자치도 제주시 일도일동 1430,제주특별자치도 제주시 중앙로 58,126.524205121259,33.5129224642773
하나은행365 제주금융센터,제주특별자치도 제주시 일도일동 1430,제주특별자치도 제주시 중앙로 58,126.524205121259,33.5129224642773
SC제일은행 365코너 코틀러빌딩SC,제주특별자치도 제주시 일도일동 1476-37,제주특별자치도 제주시 관덕로 65,126.526259731009,33.5133297430209
제주은행 동문킹마트 ATM,제주특별자치도 제주시 일도일동 1145-4,제주특별자치도 제주시 동문로 6-1,126.52735925342712,33.512822741074736
SC제일은행 365코너 제주지점,제주특별자치도 제주시 일도일동 1476-11,제주특별자치도 제주시 관덕로 67,126.526563314447,33.5133182813444
롯데ATM 세븐일레븐 제주탑동광장,제주특별자치도 제주시 일도일동 1185-3,제주특별자치도 제주시 산지로 31,126.528947858526,33.5142181428274
CU ATM 제주동문로터리점,제주특별자치도 제주시 일도일동 1145-16,제주특별자치도 제주시 동문로 8,126.527374961457,33.5129030426275
NH농협은행 365코너 제주중앙지점,제주특별자치도 제주시 이도일동 1421-1,제주특별자치도 제주시 오현길 75,126.525173884598,33.5115278144867
CU 제주중앙로점 ATM,제주특별자치도 제주시 이도일동 1479-2,제주특별자치도 제주시 중앙로14길 1,126.52404763131132,33.511216951757206
NH농협은행 365코너 제주축협,제주특별자치도 제주시 일도일동 1073,제주특별자치도 제주시 동문로 41,126.531002377136,33.5132558267713
NH농협은행 365코너 제주시농협동문지점,제주특별자치도 제주시 일도이동 994-13,제주특별자치도 제주시 동문로 54,126.532394286485,33.5130122495515
제주은행 동문점2 ATM,제주특별자치도 제주시 일도이동 993-18,제주특별자치도 제주시 동문로 66,126.533653263316,33.5132703423493
CU ATM 제주제일점,제주특별자치도 제주시 일도일동 1047-4,제주특별자치도 제주시 신산로 16,126.531440164587,33.5119087037077
CU 제주사라봉점 ATM,제주특별자치도 제주시 건입동 674,제주특별자치도 제주시 임항로 279,126.53886979463223,33.51577465433671
CU 제주여상점 ATM,제주특별자치도 제주시 건입동 1043-69,제주특별자치도 제주시 동문로 95,126.53684779110604,33.5140739236359
CU ATM 제주화북진남점,제주특별자치도 제주시 화북일동 1930,제주특별자치도 제주시 진남로 22,126.562805076289,33.5227270592573
제주은행 화북SOHO컨설팅센터,제주특별자치도 제주시 화북일동 1239-6,제주특별자치도 제주시 일주동로 241,126.5709604405466,33.51983261720005
CU 화북주공점 ATM,제주특별자치도 제주시 화북일동 11-5,제주특별자치도 제주시 동화로 7,126.57311964181378,33.51940550985808
제주은행ATM,제주특별자치도 제주시 화북일동 9-1,제주특별자치도 제주시 동화로1길 35,126.576986761408,33.5194800847321
CU ATM 제주삼양대로점,제주특별자치도 제주시 삼양이동 2142-6,제주특별자치도 제주시 일주동로 326,126.579669924538,33.5210976586373
동제주새마을금고 본점,제주특별자치도 제주시 삼양이동 2164-1,제주특별자치도 제주시 일주동로 338,126.5811137645666,33.52102140643085
NH농협은행 365코너 제주시농협삼양지점,제주특별자치도 제주시 삼양이동 2135-11,제주특별자치도 제주시 일주동로 369,126.584366340806,33.521319069466
동제주새마을금고 본점 점두365ATM,제주특별자치도 제주시 삼양이동 2164-1,제주특별자치도 제주시 일주동로 338,126.5811137645642,33.52102140650226
CU ATM 제주삼화부영점,제주특별자치도 제주시 삼양이동 2318,제주특별자치도 제주시 화삼로 167,126.584979390131,33.5191717293322
CU ATM 제주삼양해수욕장점,제주특별자치도 제주시 삼양일동 1657-7,제주특별자치도 제주시 선사로8길 10,126.58692216492,33.5253090485834
롯데ATM 제주은행 제주크라운CC,제주특별자치도 제주시 조천읍 북촌리 산 65,,126.695105851389,33.5294345473315
하나은행365 아난티한라,제주특별자치도 제주시 구좌읍 김녕리 5160-2,제주특별자치도 제주시 구좌읍 선유로 445-55,126.738574555055,33.5205819711377
NH농협은행 365코너 구좌농협중부지점,제주특별자치도 제주시 구좌읍 평대리 3351-2,제주특별자치도 제주시 구좌읍 세평항로 13,126.853487643349,33.5249483054753
롯데ATM 세븐일레븐 제주세화,제주특별자치도 제주시 구좌읍 세화리 1425-1,제주특별자치도 제주시 구좌읍 세화2길 11,126.856139683856,33.52258200975277
수협ATM 구좌지점,제주특별자치도 제주시 구좌읍 세화리 1464-6,,126.85667950984816,33.52343302950154
CU ATM 제주세화중앙점,제주특별자치도 제주시 구좌읍 세화리 1465-3,제주특별자치도 제주시 구좌읍 구좌로 49,126.856853371507,33.5232319885666
NH농협은행 365코너 구좌농협,제주특별자치도 제주시 구좌읍 세화리 1369-1,제주특별자치도 제주시 구좌읍 구좌로 81,126.859263735269,33.5211214000397
CU ATM 제주세화포구점,제주특별자치도 제주시 구좌읍 평대리 3346-5,,126.855222718697,33.5276515376462
한마음새마을금고 신촌지점,제주특별자치도 제주시 조천읍 신촌리 1812-4,제주특별자치도 제주시 조천읍 신촌4길 2,126.61965406909891,33.53299267193815
NH농협은행 365코너 조천농협신촌지점,제주특별자치도 제주시 조천읍 신촌리 2220-3,제주특별자치도 제주시 조천읍 신촌3길 34,126.618924009649,33.5359710894176
CU ATM 제주신촌점,제주특별자치도 제주시 조천읍 신촌리 1823-2,제주특별자치도 제주시 조천읍 신촌3길 1,126.618837324263,33.5331542506776
한마음새마을금고 신촌지점 점두365ATM,제주특별자치도 제주시 조천읍 신촌리 1812-4,제주특별자치도 제주시 조천읍 신촌4길 2,126.61965406909891,33.53299267193815
우정새마을금고 본점,제주특별자치도 제주시 조천읍 조천리 2229-12,제주특별자치도 제주시 조천읍 신북로 216,126.63611319314349,33.53541872380707
CU제주조천점 ATM,제주특별자치도 제주시 조천읍 조천리 2229-1,제주특별자치도 제주시 조천읍 신북로 214,126.63606526074788,33.535295966357346
우정새마을금고 본점 점두365ATM,제주특별자치도 제주시 조천읍 조천리 2229-12,제주특별자치도 제주시 조천읍 신북로 216,126.63611319314349,33.53541872380707
NH농협은행 365코너 조천농협,제주특별자치도 제주시 조천읍 조천리 2325-1,제주특별자치도 제주시 조천읍 신북로 240,126.638227017153,33.5365987898203
NH농협은행 365코너 함덕농협,제주특별자치도 제주시 조천읍 함덕리 1040,제주특별자치도 제주시 조천읍 신북로 481-9,126.661757649334,33.544278340563
NH농협은행 365코너 함덕농협,제주특별자치도 제주시 조천읍 함덕리 1266-2,제주특별자치도 제주시 조천읍 신북로 514,126.664630740185,33.5419348032983
제주동부신협 365코너,제주특별자치도 제주시 조천읍 함덕리 1002-104,제주특별자치도 제주시 조천읍 신북로 550,126.668302964956,33.5408916344234
CU ATM 제주함덕점,제주특별자치도 제주시 조천읍 함덕리 산 14-44,,126.668069752893,33.542470599397
CU제주함덕해수욕장점 ATM,제주특별자치도 제주시 조천읍 함덕리 산 14-13,제주특별자치도 제주시 조천읍 함덕로 40,126.67113320256088,33.542395826709345
롯데ATM 세븐일레븐 함덕게스트하우스,제주특별자치도 제주시 조천읍 함덕리 261-10,제주특별자치도 제주시 조천읍 신북로 643,126.678210088994,33.5406941804997
NH농협은행 365코너 구좌농협본점,제주특별자치도 제주시 구좌읍 한동리 1185-4,제주특별자치도 제주시 구좌읍 한동로1길 3,126.828713596755,33.5370159727319
NH농협은행 365코너 구좌농협한동,제주특별자치도 제주시 구좌읍 한동리 1185-4,제주특별자치도 제주시 구좌읍 한동로1길 3,126.828670560464,33.5370014876405
NH농협은행 365코너 함덕농협북촌간이지점,제주특별자치도 제주시 조천읍 북촌리 1259-1,제주특별자치도 제주시 조천읍 일주동로 1487,126.692866595772,33.5477241540081
CU ATM 제주행복점,제주특별자치도 제주시 조천읍 북촌리 368,제주특별자치도 제주시 조천읍 일주동로 1602,126.703985161628,33.5521329735307
NH농협은행 365코너 김녕농협동복점외코너,제주특별자치도 제주시 구좌읍 동복리 1691-1,,126.710007290877,33.5532327421318
우정새마을금고 김녕지점,제주특별자치도 제주시 구좌읍 김녕리 3607,제주특별자치도 제주시 구좌읍 김녕로 83,126.7470345985927,33.554417482524535
김녕농협 ATM 김녕농협하나로마트월정점점외코너,제주특별자치도 제주시 구좌읍 김녕리 1895,제주특별자치도 제주시 구좌읍 김송로 14,126.751906098997,33.54917916419191
우정새마을금고 김녕지점 점두365ATM,제주특별자치도 제주시 구좌읍 김녕리 3607,제주특별자치도 제주시 구좌읍 김녕로 83,126.74703459859124,33.554417482595355
김녕농협 ATM,제주특별자치도 제주시 구좌읍 김녕리 1895,제주특별자치도 제주시 구좌읍 김송로 14,126.751906098997,33.54917916419191
롯데ATM 세븐일레븐 제주월정리(CD),제주특별자치도 제주시 구좌읍 월정리 307,제주특별자치도 제주시 구좌읍 월정1길 2,126.791378555177,33.5522389471289
